WholesaleBrokerId,BranchNumber,FullName,FirstName,LastName,PracticeName,Region,ARNumber,MobilePhone,BusinessPhone,Email,OwnBroker
-----------------,------------,--------,---------,--------,------------,------,--------,-----------,-------------,-----,---------
1179,360,Adam Christoff,Adam,Christoff,Indemnity Solutions Pty Ltd,Southern,406297,,1800 103 474,adamc@indemnitysols.com.au,0
1180,474,Adam Fawcett,Adam,Fawcett,AMK Risk Advisors Pty Limited ATF AMK Family Trust,Northern,1240602,0499 033 260,,afawcett@iaa.net.au,0
1181,700,Adam Hines,Adam,Hines,Aether Insurance & Risk Pty Ltd ATF Adam Hines Family Trust,Central,445539,0412 504 188,(02) 4952 3579,adam@aetherinsurance.com.au,0
1182,405,Adam Lewis,Adam,Lewis,Lewis Insurance Services Pty Ltd,Northern,263377,0402 000 333,(07) 3217 9015,alewis@lewisinsurance.com.au,0
1183,703,Adrienne Gregory,Adrienne,Gregory,Fortress Risk Pty Ltd ATF The Fortress Trust,Southern,1240703,0437 563 943,(03) 6334 1111,adrienne.gregory@fortressrisk.com.au,0
1184,732,Ailiya Zarah Morillo,Ailiya Zarah ,Morillo ,Risk Advisory Australia Pty Ltd,Central,,,,amorillo@iaa.net.au,0
1185,600,Aimee Findlay,Aimee,Findlay,Westside Insurance Specialists Pty Ltd ATF Westside Unit Trust,Southern,1262084,0452 437 340,(08) 9419 7686,aimee.findlay@westis.com.au,0
1186,502,Aisha Lewis,Aisha,Lewis,Astute Insurance Services Pty Ltd,Southern,,0401 023 776,(08) 8410 2990,aishal@iaa.net.au,0
1187,346,Alan Mannix,Alan,Mannix,McQueen General Insurance Pty Ltd,Southern,345618,0437 974 911,1300 735 043,amannix@mcqueengi.com.au,0
1188,226,Alex Bodnar,Alex,Bodnar,Antietam Financial Services Pty Limited,Central,262117,0410 610 998,(02) 9954 1311,abodnar@iaa.net.au,0
1189,405,Alexander Busteed,Alexander,Busteed,Lewis Insurance Services Pty Ltd,Northern,,0481 514 812,,abusteed@iaa.net.au,0
1190,371,Alexander Wollan,Alexander,Wollan,Sound Insurance Services Pty Ltd ATF Sound Insurance Unit Trust,Southern,1249088,0427 539 049,1300 365 902,alex@soundinsurance.com.au,0
1191,369,Alexandra El-Khishen,Alexandra,El-Khishen,Pace Insurance Pty Ltd,Southern,1273930,0402 243 765,,alexandrae@pacegroup.com.au,0
1192,271,Alexandra Wood,Alexandra,Wood,AISTC Pty Ltd ATF AI Unit Trust,Central,1259177,0448 111 443,(02) 6131 9700,alexandra@allinsure.com.au,0
1193,421,Alfred De Thomasis,Alfred,De Thomasis,About Risk Pty Ltd ATF Curtis Family Trust,Northern,425161,0418 979 719,(07) 4124 4900,alf@aboutrisk.com.au,0
1194,502,Alisha Walters,Alisha,Walters,Astute Insurance Services Pty Ltd,Southern,1268432,0419 244 445,,awalters@iaa.net.au,0
1195,238,Alison Jagoe,Alison,Jagoe,ACE Insurance Advisers Pty Ltd,Northern,,,1300 886 842,ajagoe@iaa.net.au,0
1196,431,Amanda Berriman,Amanda,Berriman,Able Insurance Pty Ltd,Northern,1249932,,(02) 9037 0343,mandy@ableunderwriting.com.au,0
1197,238,Amanda Croasdale,Amanda,Croasdale,ACE Insurance Advisers Pty Ltd,Northern,262164,0415 105 671,1300 886 842,acroasdale@iaa.net.au,0
1198,814,Amanda Holst,Amanda,Holst,Beaches Insurance Pty Ltd,Central,1250534,0415 510 955,0415 510 955,amanda@beachesinsurance.com.au,0
1199,454,Amanda Kendall,Amanda ,Kendall,Insurance Advice & Advocacy Stones Corner Pty Ltd ATF The IAASC Unit Trust.,Northern,,0407 627 116,(07) 3099 1980,akendall@iaa.net.au,0
1200,268,Amanda Smith,Amanda,Smith,Optimum Insurance Services Pty Ltd,Central,291226,0414 709 342,1300 739 861,amanda.smith@optimuminsurance.com.au,0
1201,213,Amber Sawyer,Amber,Sawyer,I Marine & General Insurance Services Pty Ltd,Central,,,(02) 8328 3960,asawyer@iaa.net.au,0
1202,519,Amy Burne,Amy,Burne,Bfrank Insure Pty Ltd ATF Bfrank Insure Trust,Southern,1280873,0426 950 300,08 7078 3566,aburne@iaa.net.au,0
1203,999,Amy Hilton,Amy,Hilton,Insurance Advisernet Australia (Head Office),Northern,,0420 406 022,,ahilton@iaa.net.au,0
1204,461,Amy Parker,Amy,Parker,RDC Insurance Advisers Pty Ltd,Northern,402520,,,amyp@iaa.net.au,0
1205,999,Anastasia Matyunina,Anastasia,Matyunina,Insurance Advisernet Australia (Head Office),Central,,,02 9964 7346,amatyunina@iaa.net.au,0
1206,422,Andrea Crow,Andrea,Crow,KSLR Pty Ltd ATF SI Unit Trust Trading as Stonehouse Insurance Services,Northern,,,02 9905 7005,acrow@iaa.net.au,0
1207,999,Andrew Borden,Andrew,Borden,Insurance Advisernet Australia (Head Office),Southern,1275096,0418 534 883,(03) 8080 5644,aborden@iaa.net.au,0
1208,369,Andrew Brett,Andrew,Brett,Pace Insurance Pty Ltd,Southern,1254858,0447 527 150,(08) 7123 2686,andrewb@pacegroup.com.au,0
1209,469,Andrew Campbell,Andrew,Campbell,Your Insurance Partner Pty Ltd,Northern,1267956,0411 157 369,,andrewc@yipartner.com.au,0
1210,414,Andrew Harrison,Andrew,Harrison,Identify Insurance Services Pty Ltd,Northern,1260330,0402 810 451,,aharrison@iaa.net.au,0
1211,847,Andrew Larkin,Andrew,Larkin,LARK Insurance Pty Ltd,Central,1280898,0455 330 252,,andrew@larkinsurance.com.au,0
1212,261,Andrew Pearson,Andrew,Pearson,Sydney Risk Solutions Pty Ltd,Central,262210,0414 948 036,(02) 9540 3326,apearson@iaa.net.au,0
1213,808,Andrew Perros,Andrew,Perros,Talos Insurance and Risk Solutions Pty Ltd,Central,275671,0416 008 337,(02) 8999 8044,andrew.perros@talosinsurance.com.au,0
1214,405,Angela Chan,Angela,Chan,Lewis Insurance Services Pty Ltd,Northern,1254679,,(07) 3217 9015,achan@lewisinsurance.com.au,0
1215,519,Angelica Iadarola,Angelica,Iadarola,Bfrank Insure Pty Ltd ATF Bfrank Insure Trust,Southern,1257172,0411 387 511,(08) 7078 3566,aiadarola@iaa.net.au,0
1216,370,Angelique Lockwood,Angelique,Lockwood,Woodridge Insurance Services Pty Ltd,Southern,1233231,0425 788 415,(03) 9841 9085,angelique@woodridgeinsurance.com.au,0
1217,402,Angie Crawford,Angie,Crawford,Bygraves Insurance Consultants Pty Ltd,Northern,1242053,,(07) 5538 7655,acrawford@iaa.net.au,0
1218,369,Annabel Frew,Annabel,Frew,Pace Insurance Pty Ltd,Southern,464382,,(03) 8615 0612,annabelf@pacegroup.com.au,0
1220,846,Anne Maksoud,Anne,Maksoud,KVR Business Services Pty Ltd ATF KVR Services Trust,Central,NA,0404881968,,amaksoud@iaa.net.au,0
1221,202,Annette Higgins,Annette,Higgins,Pacific Insurance Solutions Pty Ltd,Northern,436345,,(02) 6659 9777,ahiggins@iaa.net.au,0
1222,258,Annie Lei,Annie,Lei,R & C Ping Pty Ltd,Central,1008938,0466 832 822,(02) 9211 1718,alei@iaa.net.au,0
1223,200,Anthony Anastasio,Anthony,Anastasio,Everest Risk Group Pty Limited,Central,262111,0402 995 395,(02) 8880 0651,aanastasio@everestrg.com.au,0
1224,455,Anthony Johnson,Anthony,Johnson,Noah Insurance Pty Ltd,Northern,238612,0412 530 646,(07) 3807 4100,ajohnson@iaa.net.au,0
1225,609,Ashleigh Povey,Ashleigh,Povey,AGP Insurance Services Pty Ltd,Southern,1276083,0417 903 725,,apovey@iaa.net.au,0
1226,265,Ashley Heffernan,Ashley,Heffernan,Insurance Advisernet Merimbula Pty Ltd,Central,1008579,,(02) 6495 2965,aheffernan@iaa.net.au,0
1227,203,Ben Huxley,Ben,Huxley,Graeme E Huxley Pty Ltd,Northern,317626,0432 648 342,,bhuxley@iaa.net.au,0
1228,818,Benjamin Glover,Benjamin ,Glover,Partenaire Solutions Pty Ltd ATF Partenaire Solutions Unit Trust,Central,1279809,0431 263 726,,bglover@iaa.net.au,0
1229,202,Benjamin Guihot,Benjamin,Guihot,Pacific Insurance Solutions Pty Ltd,Northern,439299,,(02) 6659 9777,bguihot@iaa.net.au,0
1230,601,Beth Lewis,Beth,Lewis,FordSure Pty Ltd,Southern,1274746,0481 257 392,,blewis@iaa.net.au,0
1231,368,Brad Stinton,Brad,Stinton,Construction Risk Advisory Pty Ltd,Southern,1279637,0411697311,,bstinton@iaa.net.au,0
1232,999,Brad Young,Brad,Young,Insurance Advisernet Australia (Head Office),Southern,327418,,(07) 5563 5044,byoung@iaa.net.au,0
1233,237,Bradley Paine,Bradley,Paine,BurMac Financial Services Pty Ltd,Central,260624,0416 174 750,(02) 6372 6651,brad@burmac.com.au,0
1234,422,Bradley Stewart,Bradley,Stewart,KSLR Pty Ltd ATF SI Unit Trust Trading as Stonehouse Insurance Services,Northern,1232701,0413 585 769,,bstewart@iaa.net.au,0
1235,371,Bradley Tempelhof,Bradley,Tempelhof,Sound Insurance Services Pty Ltd ATF Sound Insurance Unit Trust,Southern,1257733,,1300 365 902,bradley@soundinsurance.com.au,0
1236,213,Brendan Sawyer,Brendan,Sawyer,I Marine & General Insurance Services Pty Ltd,Central,303380,0412 440 354,(02) 8328 3960,bsawyer@iaa.net.au,0
1237,381,Brendan Warner,Brendan,Warner,ExpanseInsure Pty Ltd,,,0418 731 864,03 8842 6384,bwarner@iaa.net.au,0
1238,995,Brett Gniel,Brett,Gniel,Allinsure Melbourne Office,Central,1251000,0404 141 202,1300 490 047,brett@allinsure.com.au,0
1239,801,Brett Hagan,Brett,Hagan,BCRM Pty Ltd T/as Insurance Risk Solutions,Northern,262149,0407 614 540,(08) 8944 6100,bhagan@iaa.net.au,0
1240,847,Brett Larkin,Brett,Larkin,LARK Insurance Pty Ltd,Central,1280327,0455 330 251,,brett@larkinsurance.com.au,0
1241,291,Brett McDonald,Brett,McDonald,McDonald Insurance Solutions Pty Ltd,Central,301763,0400 928 581,0400 928 581,bmcdonald@iaa.net.au,0
1242,472,Brian Ballard,Brian,Ballard,Ballard Insurance Services Pty Ltd,Northern,1275356,0432 536 916,,bballard@iaa.net.au,0
1243,271,Brodie Liddell,Brodie,Liddell,AISTC Pty Ltd ATF AI Unit Trust,,,0435885580,,bliddell@iaa.net.au,0
1244,813,Brooke Summerfield,Brooke,Summerfield,Macksure Pty Ltd,Central,1274272,0423 506 848,,bsummerfield@mackinsure.com.au,0
1245,439,Bruce Wotton,Bruce,Wotton,Northern Rivers Business Consultants Pty Ltd,Northern,256036,0427 662 087,(02) 6643 1314,bwotton@iaa.net.au,0
1246,814,Bruna de Andrade Viglio,Bruna,de Andrade Viglio,Beaches Insurance Pty Ltd,Central,,0415 398 892,0433 876 076,bruna@beachesinsurance.com.au,0
1247,375,Bryan Hodgson,Bryan,Hodgson,Northern City Insurance Solutions Pty Ltd,Southern,1006810,0481 297 485,0481 297 485,bhodgson@iaa.net.au,0
1248,422,Caitlin Apps,Caitlin,Apps,KSLR Pty Ltd ATF SI Unit Trust Trading as Stonehouse Insurance Services,Northern,453510,,07 5688 0973,caitlina@iaa.net.au,0
1249,367,Calum McGonigle,Calum,McGonigle,Association Insurance (Aust) Pty Ltd,Southern,1281698,0481 120 692,,cmcgonigle@associationia.com.au,0
1250,830,Cameron Taylor,Cameron,Taylor,Engage Insurance Services Pty Ltd ATF Engage Insurance Services Trust,Central,1260218,0456 248 888,(02) 9499 8440,cameront@iaa.net.au,0
1251,999,Carissa Mitchell,Carissa,Mitchell,Insurance Advisernet Australia (Head Office),Northern,263477,,(02) 9954 1311,cmitchell@iaa.net.au,0
1252,832,Carl Parrilla,Carl,Parrilla,InSureFix Pty Ltd,Central,1261898,0407 881 634,,cparrilla@iaa.net.au,0
1253,261,Carmine Pearson,Carmine,Pearson,Sydney Risk Solutions Pty Ltd,Central,,,(02) 9540 2555,cpearson@iaa.net.au,0
1254,814,Carolina Alcazar,Carolina,Alcazar,Beaches Insurance Pty Ltd,Central,,404722322,,carol@beachesinsurance.com.au,0
1255,818,Caroline Couch,Caroline,Couch,Partenaire Solutions Pty Ltd ATF Partenaire Solutions Unit Trust,Central,,0434698212,,ccouch@iaa.net.au,0
1256,606,Carolyn Heng,Carolyn,Heng,Gibbscorp Pty Ltd,Southern,1234620,,(08) 9254 0350,carolyn@gibbscorp.com.au,0
1257,603,Carrie-Gene Robinson,Carrie-Gene,Robinson,Bresland Insurance Group Pty Ltd,Southern,1233910,0423 399 935,(08) 6253 6253,carrie-gene@bresland.com.au,0
1258,502,Cassandra Pearce,Cassandra,Pearce,Astute Insurance Services Pty Ltd,Southern,307655,0424 186 147,(08) 8410 2990,cpearce@iaa.net.au,0
1259,811,Cassandra Samson,Cassandra,Samson,ADA Plus Pty Ltd ATF D Athineos Family Trust,Southern,1236472,,08 8948 1222,cassandras@iaa.net.au,0
1260,242,Catherine Fretwell,Catherine,Fretwell,CeeJaze Management & Consulting Pty Ltd ATF Ceejaze Family Trust,Central,279552,0411 431 821,(02) 9457 0057,catherine@ceejaze.com.au,0
1261,480,Catherine Smith,Catherine,Smith,Firstpoint 16 Pty Ltd ATF Peter & Catherine Smith Family Trust,Northern,,0411 745 714,,csmith@iaa.net.au,0
1262,603,Celine Chua,Celine,Chua,Bresland Insurance Group Pty Ltd,Southern,1243204,0404 326 800,(08) 6253 6253 ,celine@bresland.com.au,0
1263,258,Chalinee Deeprasertkul,Chalinee,Deeprasertkul,R & C Ping Pty Ltd,Central,,,(02) 9211 1718,cdeeprasertkul@iaa.net.au,0
1264,421,Chantelle Chipman,Chantelle,Chipman,About Risk Pty Ltd ATF Curtis Family Trust,Northern,,0433015611,(07) 4124 4900,chantelle@aboutrisk.com.au,0
1265,452,Charlie Vince,Charlie,Vince,Vince Insurance Professionals Pty Ltd,Northern,,0409 564 886,,cvince@iaa.net.au,0
1266,732,Charlon Abbott,Charlon,Abbott,Risk Advisory Australia Pty Ltd,Central,434872,,1300 559 973,charlona@iaa.net.au,0
1267,422,Charlotte Stewart,Charlotte,Stewart,KSLR Pty Ltd ATF SI Unit Trust Trading as Stonehouse Insurance Services,Northern,,,,cstewart@iaa.net.au,0
1268,600,Chason Gripton,Chason,Gripton,Westside Insurance Specialists Pty Ltd ATF Westside Unit Trust,Southern,1282903,0428 884 867,(08) 9419 7686,chason.gripton@westis.com.au,0
1269,258,Cherie Jan,Cherie,Jan,R & C Ping Pty Ltd,Central,1009104,0406 085 185,(02) 9211 1718,cjan@iaa.net.au,0
1270,999,Cheryl Lees,Cheryl,Lees,Insurance Advisernet Australia (Head Office),Central,,,(02) 9954 1311,clees@iaa.net.au,0
1271,364,Chloe Burns,Chloe,Burns,CK Corporation Pty Ltd ATF The CK Family Trust,Southern,421289,0424 779 499,,chloeb@iaa.net.au,0
1272,402,Chris Bygraves,Chris,Bygraves,Bygraves Insurance Consultants Pty Ltd,Northern,262123,0414 707 880,(07) 5538 7655,cbygraves@iaa.net.au,0
1273,237,Chris Mack,Chris,Mack,BurMac Financial Services Pty Ltd,Central,1261977,0427422609,,cmack@iaa.net.au,0
1274,808,Christine Spinoulas,Christine,Spinoulas,Talos Insurance and Risk Solutions Pty Ltd,Central,1262591,,02 8999 8044,christine.spinoulas@talosinsurance.com.au,0
1275,431,Christopher Arif-Ball,Christopher,Arif-Ball,H2 Integro Pty Ltd,Northern,1241823,0450 244 332,(02) 8014 5544,chris@h2is.com.au,0
1276,468,Christopher Bradd,Christopher,Bradd,Chevron Insurance Consultants Pty Ltd,Northern,,0422 620 982,,chris@chevroninsurance.com.au,0
1277,381,Christopher Bryant-Smith,Christopher,Bryant-Smith,ExpanseInsure Pty Ltd,Southern,,0434 355 189,03 8842 6384,cbryant-smith@iaa.net.au,0
1278,422,Christopher Mariani,Christopher,Mariani,KSLR Pty Ltd ATF SI Unit Trust Trading as Stonehouse Insurance Services,Northern,434578,0419 017 011,02 9905 7005,cmariani@iaa.net.au,0
1279,437,Cindy Hart,Cindy,Hart,Hart Insurance Services Pty Ltd ATF Hart Family Trust,Northern,297428,0400 762 380,(07) 5630 3708,chart@iaa.net.au,0
1280,369,Claire Sturley,Claire,Sturley,Pace Insurance Pty Ltd,Southern,1259001,0490 890 995,,claires@pacegroup.com.au,0
1281,242,Craig Fretwell,Craig,Fretwell,CeeJaze Management & Consulting Pty Ltd ATF Ceejaze Family Trust,Central,263448,0412 701 647,(02) 9457 0057,craig@ceejaze.com.au,0
1282,346,Craig Wells,Craig,Wells,McQueen General Insurance Pty Ltd,Southern,312611,0408 562 616,1300 735 043,cwells@mcqueengi.com.au,0
1283,271,Cristy Chamberlain,Cristy,Chamberlain,AISTC Pty Ltd ATF AI Unit Trust,Central,,,(02) 6131 9700,cristy@allinsure.com.au,0
1284,454,Dale Marshall,Dale,Marshall,Insurance Advice & Advocacy Stones Corner Pty Ltd ATF The IAASC Unit Trust.,Northern,424721,,(07) 3099 1980,dale@iaasc.com.au,0
1285,701,Damon Ratcliffe,Damon,Ratcliffe,DLR Insurance Solutions Pty Ltd ATF Ratcliffe Family Trust,Southern,343263,0457 671 101,(03) 6267 1101,dratcliffe@iaa.net.au,0
1286,442,Damon Wormald,Damon,Wormald,D & D Insurance Services Pty Ltd ATF Wormald Family Trust,Northern,,0413 728 164,(07) 5580 4899,damonw@iaa.net.au,0
1287,718,Daniel Black,Daniel,Black,Evolve Insurance Services Pty Ltd,Central,1249012,0432 792 349,,dblack@iaa.net.au,0
1288,371,Daniel Winkel,Daniel,Winkel,Sound Insurance Services Pty Ltd ATF Sound Insurance Unit Trust,Southern,1263086,0401 410 838,,dan@soundinsurance.com.au,0
1289,709,Danny Butres,Danny,Butres,All Around Insurance Pty Ltd,Central,1250330,0410 007 778,1800 123 345,danny@allaroundinsurance.com.au,0
1290,460,Darin Dittman,Darin,Dittman,Insurance Business Solutions Pty Ltd,Northern,262139,0414 988 444,(07) 3255 9986,darin@insurancebusinesssolutions.com.au,0
1291,423,Darren Alps,Darren,Alps,DBA Insurance & Risk Management Services Pty Ltd,Northern,263372,0423 376 981,1300 474 010,dalps@iaa.net.au,0
1292,403,Darren Loades,Darren,Loades,D R Loades Enterprises Pty Ltd,Northern,262182,0414 999 065,1300 769 163,dloades@iaa.net.au,0
1293,999,David Crawford,David,Crawford,Insurance Advisernet Australia (Head Office),Central,,,+64 9 926 2062,dcrawford@ianz.co.nz,0
1294,440,David Francis,David,Francis,Insurance Mentor Pty Ltd,Northern,336165,0410 684 000,(07) 3157 1300,dfrancis@iaa.net.au,0
1295,606,David Gibbs,David,Gibbs,Gibbscorp Pty Ltd,Southern,417072,,(08) 9254 0350,david@gibbscorp.com.au,0
1296,714,David Hodges,David ,Hodges,Corvus Insurance Advisers Pty Ltd,Central,1244844,0424 745 694,(02) 9326 6612,dhodges@iaa.net.au,0
1297,810,David Liggett,David,Liggett,Insurance Risk & Solutions Pty Ltd,Central,465920,0449 179 585,,dliggett@iaa.net.au,0
1298,366,David Piacentino,David ,Piacentino,Allied Insurance Australia Group Pty Ltd ATF Allied Insurance Australia Group Unit Trust,Southern,1239087,0412 166 384,,dpiacentino@alliedinsurance.com.au,0
1299,834,David Royle,David,Royle,Acacia Insurance & Risk Services Pty Ltd,Central,,0412 964 745,,droyle@iaa.net.au,0
1301,821,David Woodward,David,Woodward,Woodward Consulting Pty Ltd,Central,1251606,0404 436 259,,dwoodward@iaa.net.au,0
1302,442,David Wormald,David,Wormald,D & D Insurance Services Pty Ltd ATF Wormald Family Trust,Northern,339727,0431 671 830,07 5580 4899,dwormald@iaa.net.au,0
1303,426,Deanna Quaill,Deanna,Quaill,Thompson Insurance Pty Ltd,Northern,413929,,(07) 5443 1866,dquaill@iaa.net.au,0
1304,258,Deborah Choi,Deborah,Choi,R & C Ping Pty Ltd,Central,,,(02) 9211 1718,dchoi@iaa.net.au,0
1305,953,Deborah Dilliway,Deborah,Dilliway,Harvard Financial Services Australia Pty Ltd ATF the HFSA Trust,Southern,440495,,(08) 7070 1689,ddilliway@iaa.net.au,0
1306,370,Demi Johnston,Demi,Johnston,Woodridge Insurance Services Pty Ltd,Southern,1275200,0430 054 150,,demi@woodridgeinsurance.com.au,0
1307,999,Denise Hughes,Denise,Hughes,Insurance Advisernet Australia (Head Office),Northern,,,(07) 5563 5302,deniseh@iaanyware.net,0
1308,601,Derek Ford,Derek,Ford,FordSure Pty Ltd,Southern,1265515,0414 540 767,(08) 9468 0001,dford@iaa.net.au,0
1309,606,Derrice Dillon,Derrice,Dillon,Gibbscorp Pty Ltd,Southern,1273903,,(08) 9254 0350,derrice@gibbscorp.com.au,0
1310,405,Desleigh Bickley,Desleigh ,Bickley ,Lewis Insurance Services Pty Ltd,Northern,244219,0420 553 947,(07) 3217 9015,dbickley@lewisinsurance.com.au,0
1311,237,Desmond Dowdy,Desmond,Dowdy,BurMac Financial Services Pty Ltd,Central,1247066,0427 724 744,(02) 6884 5240,des@burmac.com.au,0
1312,828,Diana Nguyen,Diana,Nguyen,LA Insurance Pty Ltd,Central,1256066,0475 444 999,02 9133 9999,diana@lagi.com.au,0
1313,268,Diane Camille Bagacay,Diane Camille,Bagacay,Optimum Insurance Services Pty Ltd,Central,,,1300 739 861,diane.bagacay@optimuminsurance.com.au,0
1314,838,Dianne Keane,Dianne,Keane ,Keane Insurance Solutions Pty Ltd,Central,1263481,0402 409 064,(02) 6852 3338,dkeane@iaa.net.au,0
1315,405,Dianne Lewis,Dianne,Lewis,Lewis Insurance Services Pty Ltd,Northern,,0411 208 535,(07) 3217 9015,dlewis@lewisinsurance.com.au,0
1316,805,Dimitrios Nikiforidis,Dimitrios,Nikiforidis,Taxi Enterprises Pty Ltd,Central,429837,0414 535 455,(02) 9599 6793,jim@taxienterprises.com.au,0
1317,366,Dino Fedele,Dino,Fedele,Allied Insurance Australia Group Pty Ltd ATF Allied Insurance Australia Group Unit Trust,Southern,1239085,,0456 575 411,dfedele@alliedinsurance.com.au,0
1318,358,Dionne Stevens,Dionne,Stevens,DKS Consulting Aust Pty Ltd,Southern,318643,0420 557 452,(03) 5460 4682,dionne@fortifyinsurance.com.au,0
1319,603,Dominic Urbanowicz,Dominic,Urbanowicz,Bresland Insurance Group Pty Ltd,Southern,323007,,(08) 6253 6253,dominic@bresland.com.au,0
1320,369,Dominique Fittock,Dominique,Fittock,Pace Insurance Pty Ltd,Southern,1256533,0490 078 460,(03) 8615 0600,dominiquef@pacegroup.com.au,0
1321,603,Donelle Riggs,Donelle,Riggs,Bresland Insurance Group Pty Ltd,Southern,1007989,0428 583 186,(08) 6253 6253,donelle@bresland.com.au,0
1322,762,Donna Wylie,Donna,Wylie,Complete Risk Solutions Pty Ltd ATF J & N Thornton Family Trust,Central,1265688,,(02) 6551 8712,dwylie@iaa.net.au,0
1323,367,Drew Fisher,Drew,Fisher,Association Insurance (Aust) Pty Ltd,Southern,1239086,0438 023 233,0438 023 233,dfisher@associationia.com.au,0
1324,369,Dwayne Haydon,Dwayne,Haydon,Pace Insurance Pty Ltd,Southern,337782,0414 711 719,(08) 8463 0640,dwayneh@pacegroup.com.au,0
1325,801,Dwight Shepherd,Dwight,Shepherd,BCRM Pty Ltd T/as Insurance Risk Solutions,Northern,1278928,0438744964,(08) 8944 6100,dshepherd@iaa.net.au,0
1326,999,Ebony Batt,Ebony,Batt,Insurance Advisernet Australia (Head Office),Southern,,,,ebatt@iaa.net.au,0
1327,258,Eddy Tinyow,Eddy,Tinyow,R & C Ping Pty Ltd,Central,290478,0422 838 019,(02) 9211 1718,etinyow@iaa.net.au,0
1328,806,Elias Anictomatis,Elias,Anictomatis,ERCJ Investments Pty Ltd,Northern,439169,0414 902 330,(08) 8948 1222,eanictomatis@iaa.net.au,0
1329,833,Elisa Cattaneo,Elisa,Cattaneo,Debtor Protect Pty Ltd,Central,,0466 390 053,,elisa@debtorprotect.com.au,0
1330,411,Elissa Taylor,Elissa,Taylor,Clear Insurance Pty Ltd,Northern,1273927,0402 681 670,,etaylor@iaa.net.au,0
1331,813,Elizabeth Carver,Elizabeth,Carver,Macksure Pty Ltd,Central,1260987,,0429 896 352,lcarver@mackinsure.com.au,0
1332,484,Elizabeth Nelson,Elizabeth,Nelson,Evolution Insurance Services Pty Ltd,Northern,400675,0400 011 925,(07) 3157 1300,lizzie@evolutioninsuranceservices.com.au,0
1333,298,Elizabeth Wijayanayake,Elizabeth,Wijayanayake,Irecon Insurance Services Pty Ltd,Central,1234567,0434 072 342,(02) 4655 4311,lisaw@irecon.com.au,0
1334,718,Eloise Woods,Eloise,Woods,Evolve Insurance Services Pty Ltd,Central,1280698,0477224233,,ewoods@iaa.net.au,0
1335,445,Elyse Emanuelli,Elyse,Emanuelli,Warwick Pratt Insurance Services Pty Ltd ATF The Pratt Family Trust,Northern,336221,,(07) 5443 1322,eemanuelli@iaa.net.au,0
1336,519,Emanuela Iannace,Emanuela,Iannace,Bfrank Insure Pty Ltd ATF Bfrank Insure Trust,Southern,,0403 124 907,,eiannace@iaa.net.au,0
1337,202,Emma Burke,Emma,Burke,Pacific Insurance Solutions Pty Ltd,Northern,1252996,,(02) 9959 9777,eburke@iaa.net.au,0
1338,440,Emma Wallace,Emma,Wallace,Insurance Mentor Pty Ltd,Northern,1248703,,(07) 3157 1300,ewallace@iaa.net.au,0
1339,828,Erin Azzopardi,Erin,Azzopardi,LA Insurance Pty Ltd,Central,,0475 444 666,(02) 9133 9900,eazzopardi@iaa.net.au,0
1340,999,Ethel De Ocera,Ethel,De Ocera,Insurance Advisernet Australia (Head Office),Central,,,02 9964 7341,edeocera@iaa.net.au,0
1341,457,Eva Rankmore,Eva,Rankmore,Shandit Pty Ltd T/as Coverite Insurance & Strata Insurance Solutions,Northern,455098,,(07) 3899 5129,erankmore@iaa.net.au,0
1342,371,Evalyn Pappas,Evalyn,Pappas,Sound Insurance Services Pty Ltd ATF Sound Insurance Unit Trust,Southern,,04509656389,,epappas@iaa.net.au,0
1343,603,Ewelina Pastuszak,Ewelina,Pastuszak,Bresland Insurance Group Pty Ltd,Southern,1235905,,(08) 6253 6253,ewelina@bresland.com.au,0
1344,268,Fahnaldo Xultan,Fahnaldo,Xultan,Optimum Insurance Services Pty Ltd,Central,1278100,,1300 739 861,fahnaldo.xultan@optimuminsurance.com.au,0
1345,213,Fanoulla Hatzimarkos,Fanoulla,Hatzimarkos,I Marine & General Insurance Services Pty Ltd,Central,,,(02) 8328 3962,fanoullah@iaa.net.au,0
1346,845,Fariha Neda,Fariha,Neda,ASP Risk Solutions Pty Ltd ATF The Neda Family Trust,Central,1280261,0458 623 951,0458 623 951,fneda@iaa.net.au,0
1347,520,Felishia Abbott,Felishia,Abbott,James McLaren Pty Ltd,Southern,1282502,0478 192 303,,fabbott@iaa.net.au,0
1348,431,Fiona Balaam,Fiona,Balaam,H2 Integro Pty Ltd,Northern,1267565,0407 744 900,(07) 5507 7780,Fiona@H2is.com.au,0
1349,600,Fiona Dark,Fiona,Dark,Westside Insurance Specialists Pty Ltd ATF Westside Unit Trust,Southern,1276946,0418 757 337,08 9419 7686,fiona.dark@westis.com.au,0
1350,811,Fotini Athineos,Fotini,Athineos,ADA Plus Pty Ltd ATF D Athineos Family Trust,Northern,,,(08) 8948 1222,fathineos@iaa.net.au,0
1351,519,Frank Iadarola,Frank,Iadarola,Bfrank Insure Pty Ltd ATF Bfrank Insure Trust,Southern,1254739,0409 286 236,(08) 7078 3566,fiadarola@iaa.net.au,0
1352,444,Freda Thlang,Freda,Thlang,Business Insurance Group Pty Ltd,Northern,341222,,(07) 3380 7900,fthlang@iaa.net.au,0
1353,370,Gaetano Carmusciano,Gaetano,Carmusciano,Woodridge Insurance Services Pty Ltd,Southern,407102,0488 992 445,(03) 9841 9085,tony@woodridgeinsurance.com.au,0
1354,600,Gail Findlay,Gail,Findlay,Westside Insurance Specialists Pty Ltd ATF Westside Unit Trust,Southern,264082,0408 996 956,(08) 9468 0100,gail.findlay@westis.com.au,0
1355,276,Gail Welch,Gail,Welch,Force Insurance Services Pty Limited,Northern,,,(02) 6652 7212,gwelch@forceinsurance.com.au,0
1356,818,Gareth Jones,Gareth,Jones,Partenaire Solutions Pty Ltd ATF Partenaire Solutions Unit Trust,Central,1251287,0499 988 980,,gjones@iaa.net.au,0
1357,852,Gareth Myer,Gareth,Myer,Clarke Lyons Insurance Pty Ltd,Central,1280769,0415 616 255,0415 616 255,gareth@clarkelyons.com.au,0
1358,466,Gary Fletcher,Gary,Fletcher,Apex Insurance Pty Ltd,Northern,1261854,0411 096 044,,gfletcher@iaa.net.au,0
1359,412,Gayle Stone,Gayle,Stone,Elements Insurance Pty Ltd,Northern,1273741,0409 340 001,,gstone@iaa.net.au,0
1360,245,Geoff Robinson,Geoff,Robinson,Gerotola Pty Ltd,Northern,262216,0428 241 340,(02) 6624 1340,grobinson@iaa.net.au,0
1361,808,George Peros,George,Peros,Talos Insurance and Risk Solutions Pty Ltd,Central,449741,0411 533 221,(02) 8999 8044,george.peros@talosinsurance.com.au,0
1362,436,George Ruaporo,George,Ruaporo,GTR Pty Ltd,Northern,334106,0466 530 442,(02) 6651 2929,gruaporo@iaa.net.au,0
1363,811,Georgia Halkitis,Georgia,Halkitis,ADA Plus Pty Ltd ATF D Athineos Family Trust,Northern,1263404,,(08) 8948 1222,ghalkitis@iaa.net.au,0
1364,237,Gerard O'Leary,Gerard,O'Leary,BurMac Financial Services Pty Ltd,Central,339878,0408 244 134,(02) 6884 5240,gerard@burmac.com.au,0
1365,381,Grady McCabe,Grady,McCabe,ExpanseInsure Pty Ltd,Southern,1282041,0490 059 636,03 8842 6384,grady.mccabe@expanseinsure.com.au,0
1366,428,Graeme Allan,Graeme,Allan,Allan Insurance Services Pty Ltd,Northern,262108,0421 583 065,(07) 5538 7655,gallan@iaa.net.au,0
1367,203,Graeme Huxley,Graeme,Huxley,Graeme E Huxley Pty Ltd,Northern,262171,0419 858 451,,ghuxley@iaa.net.au,0
1368,608,Graeme Truscott,Graeme,Truscott,Specialised Risk Solutions Pty Ltd,Southern,1243149,,(08) 9254 0350,graeme@gibbscorp.com.au,0
1369,369,Grant Bishop,Grant,Bishop,Pace Insurance Pty Ltd,Southern,337781,0434 219 569,(03) 8615 0601,grantb@pacegroup.com.au,0
1370,822,Grant Lewthwaite,Grant,Lewthwaite,G & W Lewthwaite Pty Ltd ATF Insurance & Risk Management Services Trust,Central,1251581,0416 204 492,0416 204 492,glewthwaite@iaa.net.au,0
1371,470,Grant Lowe,Grant,Lowe,Future Protect Insurance Pty Ltd,Northern,452271,,0408 069 608,grantl@iaa.net.au,0
1372,408,Gregory Forno,Gregory,Forno,Petro Consulting Services Pty Ltd,Northern,1275136,0423 539 211,,gforno@iaa.net.au,0
1373,606,Hank Jeuring,Hank,Jeuring,Gibbscorp Pty Ltd,Southern,1240740,0417 179 775,(08) 9254 0350,hank@gibbscorp.com.au,0
1374,832,Harry Georgoulas,Harry,Georgoulas,InSureFix Pty Ltd,Central,1260794,0412 032 032,,hgeorgoulas@iaa.net.au,0
1375,272,Hassan Hamrang,Hassan,Hamrang,Professional Risk Managers Pty Limited,Central,1251750,,(02) 8079 6201,hhamrang@prmanagers.com.au,0
1376,440,Haydn Nichols,Haydn,Nichols,Insurance Mentor Pty Ltd,Northern,1282916,,07 3157 1300,hnichols@iaa.net.au,0
1377,436,Helen Chandler,Helen,Chandler,GTR Pty Ltd,Northern,1240677,,(02) 6651 2929,hchandler@iaa.net.au,0
1378,805,Helen Tsoutsouras,Helen,Tsoutsouras,Taxi Enterprises Pty Ltd,Central,1275245,,(02) 9599 6793,htsoutsouras@iaa.net.au,0
1379,999,Ian Carr,Ian,Carr,Insurance Advisernet Australia (Head Office),Central,262126,0419 275 948,(02) 9964 7308,icarr@iaa.net.au,0
1380,833,Ian Markus,Ian,Markus,Debtor Protect Pty Ltd,Central,1262539,0481 772 123,,ian@debtorprotect.com.au,0
1381,518,Ian Shelby-James,Ian,Shelby-James,Vinechange Pty Ltd,Southern,450761,0427 817 448,,ishelby-james@iaa.net.au,0
1382,999,Ilena Conte,Ilena,Conte,Insurance Advisernet Australia (Head Office),Southern,,0411367854,(03) 8080 5685,iconte@iaa.net.au,0
1383,513,Irene Atkinson,Irene,Atkinson,Tony Atkinson's Insurance Services Pty Ltd ATF Atkinson Family Trust,Southern,394888,,(08) 8260 2613,iatkinson@iaa.net.au,0
1384,502,Irmgard de Villiers,Irmgard,de Villiers,Astute Insurance Services Pty Ltd,Southern,468820,,(08) 8410 2990,idevilliers@iaa.net.au,0
1385,808,Isabella Dias,Isabella,Dias,Talos Insurance and Risk Solutions Pty Ltd,Central,,,(02) 8999 8044,isabella.dias@talosinsurance.com.au,0
1386,268,Jacinta Zhang,Jacinta,Zhang,Optimum Insurance Services Pty Ltd,Central,1233553,,1300 739 861,jacinta.zhang@optimuminsurance.com.au,0
1388,606,Jacqueline Martin,Jacqueline,Martin,Gibbscorp Pty Ltd,Southern,1267420,0403 976 973,,jackie@gibbscorp.com.au,0
1389,444,Jade West,Jade,West,Business Insurance Group Pty Ltd,Northern,341221,0419 720 851,(07) 3865 2600,jade.west@biggroup.com.au,0
1390,262,Jaimee Zagar,Jaimee,Zagar,JV Business Insurance Pty Ltd ATF JV Business Insurance Trust,Central,430564,,(02) 6288 4410,Jaimee@jvbusiness.net.au,0
1391,841,Jake Andrews,Jake,Andrews,Danforth Insurance Pty Ltd,Central,335344,0429 600 603,0429 600 603,jakea@iaa.net.au,0
1392,709,Jake Jacobs,Jake,Jacobs,All Around Insurance Pty Ltd,Central,1240493,0438 082 737,1800 123 345,jake@allaroundinsurance.com.au,0
1393,457,James Bombinski,James,Bombinski,Shandit Pty Ltd T/as Coverite Insurance & Strata Insurance Solutions,Northern,,0451778337,,jbombinski@iaa.net.au,0
1394,258,James Choi,James,Choi,R & C Ping Pty Ltd,Central,262128,0419 798 888,(02) 9211 1718,jchoi@iaa.net.au,0
1395,340,James Germantis,James,Germantis,General & Commercial Insurance Services Pty Ltd,Southern,302295,0424 660 632,(03) 9484 5883,jgermantis@iaa.net.au,0
1396,720,James Hewitt,James,Hewitt,Ford & Associates Pty Ltd,Central,1235330,0418 421 106,(02) 6288 3683,james.hewitt@fordandford.com,0
1397,369,James Kennedy,James,Kennedy,Pace Insurance Pty Ltd,Southern,1247605,0433 385 821,(03) 8615 0600,jamesk@pacegroup.com.au,0
1398,762,James McDonald,James,McDonald,Complete Risk Solutions Pty Ltd ATF J & N Thornton Family Trust,Central,1265689,,(02) 6551 8712,jmcdonald@iaa.net.au,0
1399,520,James McLaren,James,McLaren,James McLaren Pty Ltd,Southern,1243837,0402 659 105,,jmclaren@iaa.net.au,0
1400,502,James Tiller,James,Tiller,Astute Insurance Services Pty Ltd,Southern,343264,0400 292 826,,jtiller@iaa.net.au,0
1401,422,James Warwick,James,Warwick,KSLR Pty Ltd ATF SI Unit Trust Trading as Stonehouse Insurance Services,Northern,337442,0402 042 116,07 3117 2470,jwarwick@iaa.net.au,0
1402,363,James Wilson,James,Wilson,James Wilson Insurance Solutions Pty Ltd atf The James Wilson Family Trust,Southern,313124,0431 226 851,(03) 5264 7769,jwilson@iaa.net.au,0
1403,400,Jamie Barmby,Jamie,Barmby,Alleviate Risk Pty Ltd,Northern,343642,0431 400 628,(07) 3154 2860,jamie.barmby@alleviate.insure,0
1404,320,Jane Kenny,Jane,Kenny,ALH Insurance Services Pty Ltd T/As Sound Insurance - Qld,Southern,,,0411 747 282,jkenny@iaa.net.au,0
1405,369,Janelle Tipping,Janelle,Tipping,Pace Insurance Pty Ltd,Southern,,,(03) 8615 0609,janellet@pacegroup.com.au,0
1406,732,Janice Pestano,Janice ,Pestano,Risk Advisory Australia Pty Ltd,Central,,,,jpestano@iaa.net.au,0
1407,603,Jaron Bresland,Jaron,Bresland,Bresland Insurance Group Pty Ltd,Southern,416085,0433 229 031,(08) 6253 6253,jaron@bresland.com.au,0
1408,379,Jarrod Watson,Jarrod,Watson,Watson Risk Services Pty Ltd,Southern,1277727,0408 905 147,0408 905 147,jwatson@iaa.net.au,0
1409,422,Jasmine Bailey,Jasmine,Bailey,KSLR Pty Ltd ATF SI Unit Trust Trading as Stonehouse Insurance Services,Northern,355778,,07 5688 0973,jbailey@iaa.net.au,0
1410,349,Jason Andrews,Jason,Andrews,Professional Insurance Solutions Pty Ltd ATF Professional Insurance Solutions Family Trust,Southern,448231,,(03) 8794 1777,jasona@iaa.net.au,0
1411,371,Jason Feldman,Jason,Feldman,Sound Insurance Services Pty Ltd ATF Sound Insurance Unit Trust,Southern,464489,,(03) 9823 3704,jason@soundinsurance.com.au,0
1412,431,Jason Holmes,Jason,Holmes,H2 Integro Pty Ltd,Northern,317372,0414 470 563,(07) 5507 7780,jason.holmes@tysers.com,0
1413,440,Jazmin Kopec,Jazmin,Kopec,Insurance Mentor Pty Ltd,Northern,1279756,,(07) 3157 1300,jkopec@iaa.net.au,0
1414,273,Jeff Pender,Jeff,Pender,Pender Insurance Holdings Pty Ltd ATF The JRP Family Trust,Central,316756,0488 736 337,(02) 8203 4540,jpender@iaa.net.au,0
1415,820,Jeremy Bennett,Jeremy,Bennett,Insurance & Risk Management Specialists Pty Ltd,Central,1251491,0403 228 355,,jbennett@iaa.net.au,0
1416,762,Jeremy Thornton,Jeremy,Thornton,Complete Risk Solutions Pty Ltd ATF J & N Thornton Family Trust,Central,411354,0417 874 717,(02) 6551 8712,jthornton@iaa.net.au,0
1417,261,Jessica Howard,Jessica,Howard,Sydney Risk Solutions Pty Ltd,Central,303899,,(02) 9540 2555,jhoward@iaa.net.au,0
1418,475,Jessica McInerney,Jessica,McInerney,JMR Insurance Services Pty Ltd ATF The JMR Trust,Northern,323524,,(07) 5538 7655,jessicam@iaa.net.au,0
1419,262,Jessica Simmons,Jessica ,Simmons,JV Business Insurance Pty Ltd ATF JV Business Insurance Trust,Central,1279921,(02) 6288 4410,(02) 6288 4410,jessica@jvbusiness.net.au,0
1420,271,Jessica Waldron,Jessica,Waldron,AISTC Pty Ltd ATF AI Unit Trust,Central,1275446,0474 744 303,(02) 6131 9700,jessicaw@allinsure.com.au,0
1421,271,Jessica Zeitlhofer,Jessica,Zeitlhofer,AISTC Pty Ltd ATF AI Unit Trust,Central,1251068,,(02) 6131 9700,jessica@allinsure.com.au,0
1422,348,Jeymi Trujillo,Jeymi,Trujillo,Indamoos Pty Ltd,Southern,1276238,0406 313 891,,jtrujillo@iaa.net.au,0
1423,811,Jim Athineos,Jim,Athineos,ADA Plus Pty Ltd ATF D Athineos Family Trust,Northern,458761,0412 453 640,(08) 8948 1222,jathineos@iaa.net.au,0
1424,603,Jimmy Hong Leong Lim,Jimmy,Hong Leong Lim,Bresland Insurance Group Pty Ltd,Southern,1248137,0449 105 088,(08) 6253 6253,jimmy@bresland.com.au,0
1425,999,Jinhui Wang,Jinhui,Wang,Insurance Advisernet Australia (Head Office),Central,,,02 9964 7322,jwang@iaa.net.au,0
1426,369,Joachim Bakras,Joachim,Bakras,Pace Insurance Pty Ltd,Southern,337866,0466 210 484,(03) 8615 0600,jasonb@pacegroup.com.au,0
1427,380,Jo-Anne Bastick,Jo-Anne,Bastick,Six Unicorns Pty Ltd,Southern,1277970,0408 101 149,,jbastick@iaa.net.au,0
1428,801,Joanne Day,Joanne,Day,BCRM Pty Ltd T/as Insurance Risk Solutions,Northern,286501,,(08) 8944 6100,jday@iaa.net.au,0
1429,606,Jodi Iacusso,Jodi,Iacusso,Gibbscorp Pty Ltd,Southern,282890,,(08) 9254 0350,jodi@gibbscorp.com.au,0
1430,435,Jodie Parker,Jodie,Parker,IA Assurance Pty Ltd,Northern,338903,,(07) 3123 6919,jparker@iaa.net.au,0
1431,304,John Burke,John,Burke,Commercial Risk Solutions Pty Ltd,Southern,305975,0431 371 767,,jburke@iaa.net.au,0
1432,999,John Candotti,John,Candotti,Insurance Advisernet Australia (Head Office),Central,,,(02) 9954 1311,jcandotti@iaa.net.au,0
1433,468,John Dimpsey,John,Dimpsey,Chevron Insurance Consultants Pty Ltd,Northern,1282833,0411787367,,john@chevroninsurance.com.au,0
1434,765,John Durant,John,Durant,Assurance Corp (Aust) Pty Ltd,Central,417235,0452 505 772,,jdurant@iaa.net.au,0
1435,502,John Lewis,John,Lewis,Astute Insurance Services Pty Ltd,Southern,262179,0412 856 602,(08) 8410 2990,jlewis@iaa.net.au,0
1436,371,John Pappas,John,Pappas,Sound Insurance Services Pty Ltd ATF Sound Insurance Unit Trust,Southern,1251255,0488 123 071,(03) 9670 0555,john@soundinsurance.com.au,0
1437,806,John Weadley,John,Weadley,ERCJ Investments Pty Ltd,Northern,,,(08) 8948 1222,jweadley@iaa.net.au,0
1438,349,John Whiteside,John,Whiteside,Professional Insurance Solutions Pty Ltd ATF Professional Insurance Solutions Family Trust,Southern,321644,0421 448 419,(03) 8794 1777,jwhiteside@iaa.net.au,0
1439,502,Jon Schiller,Jon,Schiller,Astute Insurance Services Pty Ltd,Southern,344450,0424 186 149,(08) 8410 2990,jschiller@iaa.net.au,0
1440,431,Jordan McClenaghan,Jordan,McClenaghan,H2 Integro Pty Ltd,Northern,,0402 382 004,,jordan@h2is.com.au,0
1441,348,Joseph Xuereb,Joseph,Xuereb,Indamoos Pty Ltd,Southern,321643,0422 172 450,03 8401 5619,jxuereb@iaa.net.au,0
1442,277,Joshua Hamill,Joshua,Hamill,Restart Insurance Management Services Pty Ltd,Central,326411,0405 357 737,(02) 8203 4542,jhamill@iaa.net.au,0
1443,603,Joycelyn Gan-Leonor,Joycelyn,Gan-Leonor,Bresland Insurance Group Pty Ltd,Southern,,0487 175 493,(08) 6253 6216,joy@bresland.com.au,0
1444,411,Juliana Cochrane,Juliana,Cochrane ,Clear Insurance Pty Ltd,Northern,,0488 437 850,(07) 3174 5015,jcochrane@iaa.net.au,0
1445,720,Julie Ford,Julie,Ford,Ford & Associates Pty Ltd,Central,236038,0419 405 728,(02) 6288 3683 - Ext 201,Julie.Ford@fordandford.com,0
1446,703,Julie Goss,Julie,Goss,Fortress Risk Pty Ltd ATF The Fortress Trust,Southern,1006530,,(03) 6334 1111,julie.goss@fortressrisk.com.au,0
1447,834,Julie Harrison,Julie,Harrison,Acacia Insurance & Risk Services Pty Ltd,Central,1267545,0422 544 244,0422 544 244,julie@acaciainsurance.com.au,0
1448,836,Julie Hooper,Julie ,Hooper,Active Community Insurance Pty Ltd,Central,1263193,0438 850 642,,julie.hooper@activecommunityinsurance.com.au,0
1449,481,Julie Killen,Julie,Killen,Ozprize & Weather Insurance Specialists Pty Ltd,,,0413682985,,juliekillen@ozprize.com.au,0
1450,444,Julie-Anne Mills,Julie-Anne,Mills ,Business Insurance Group Pty Ltd,Northern,319327,,(07) 3380 7900,julie-anne@biggroup.com.au,0
1451,298,Justin Kinnear,Justin,Kinnear,Irecon Insurance Services Pty Ltd,Central,1245239,0452 646 764,(02) 4655 4311,jkinnear@irecon.com.au,0
1452,808,Justin Young,Justin,Young,Talos Insurance and Risk Solutions Pty Ltd,Central,1280929,0478 111 013,,justin.young@talosinsurance.com.au,0
1453,291,Kaia York,Kaia,York,McDonald Insurance Solutions Pty Ltd,Central,1282841,0439 499 202,,kyork@iaa.net.au,0
1454,343,Karen Pickett,Karen,Pickett,KLP Insurance Services Pty Ltd,Southern,262212,0417 277 500,1300 669 229,kpickett@iaa.net.au,0
1455,346,Karen Yeoh,Karen,Yeoh,McQueen General Insurance Pty Ltd,Southern,,0400 766 828,,kyeoh@iaa.net.au,0
1456,999,Karenne Hill,Karenne,Hill,Insurance Advisernet Australia (Head Office),Northern,297231,,(07) 5563 5010,karenne.hill@iaa.net.au,0
1457,455,Karli Aylward,Karli,Aylward,Noah Insurance Pty Ltd,Northern,431796,,(07) 3807 4100,kaylward@iaa.net.au,0
1458,273,Kate Phanoraj,Kate,Phanoraj,Pender Insurance Holdings Pty Ltd ATF The JRP Family Trust,Central,387926,0411 676 299,(02) 8203 4541,kphanoraj@iaa.net.au,0
1459,720,Katherine Tosic,Katherine,Tosic,Ford & Associates Pty Ltd,Central,263461,0420 695 759,02 6288 3683 ext208,kath.Tosic@fordandford.com,0
1460,836,Katie Bonjer,Katie,Bonjer,Active Community Insurance Pty Ltd,Central,1262679,0412 093 748,,katie.bonjer@activecommunityinsurance.com.au,0
1461,277,Katie Hamill,Katie,Hamill,Restart Insurance Management Services Pty Ltd,Central,,,(02) 8203 4542,khamill@iaa.net.au,0
1462,603,Katy Vitt,Katy,Vitt,Bresland Insurance Group Pty Ltd,Southern,413544,,(08) 6253 6253,katy@bresland.com.au,0
1463,271,Kaylah Jullienne-Whaiapu,Kaylah,Jullienne-Whaiapu,AISTC Pty Ltd ATF AI Unit Trust,Central,1276125,0474 477 987,(02) 6131 9700,kaylah@allinsure.com.au,0
1464,406,Keith Matty,Keith,Matty,Matty Global Insurance Pty Ltd,Northern,463352,0420 304 339,(07) 5538 7655,kmatty@iaa.net.au,0
1465,801,Kellie Alloway,Kellie,Alloway,BCRM Pty Ltd T/as Insurance Risk Solutions,Northern,1249744,,(08) 8944 6100,kalloway@iaa.net.au,0
1466,806,Kellie Hornsby,Kellie,Hornsby,ERCJ Investments Pty Ltd,Northern,457574,,(08) 8948 1222,khornsby@iaa.net.au,0
1467,247,Kellie Terry,Kellie,Terry,KC Targett Pty Ltd ATF The Targett Family Trust,Central,353200,0407 898 088,0407 898 088,kterry@iaa.net.au,0
1468,481,Ken Killen,Ken,Killen,Ozprize & Weather Insurance Specialists Pty Ltd,Northern,1281807,0423 312 071,,kenkillen@ozprize.com.au,0
1469,835,Kerry Maitra,Kerry,Maitra,Ventures Insurance Advisors Pty Ltd,Central,419133,0404 860 848,,kerrym@venturesinsurance.com.au,0
1470,478,Kevin Traynor,Kevin,Traynor,Niplyn Pty Ltd,Northern,267850,0419 785 915,(07) 5610 2280,ktraynor@iaa.net.au,0
1471,999,Kieu Tran-Smith,Kieu,Tran-Smith,Insurance Advisernet Australia (Head Office),Northern,,,(02) 9964 7350,ktran-smith@iaa.net.au,0
1472,405,Kim Friend,Kim,Friend,Lewis Insurance Services Pty Ltd,Northern,262145,0402 333 666,(07) 3217 9015,kim@lewisinsurance.com.au,0
1473,262,Kim Kilday,Kim,Kilday,JV Business Insurance Pty Ltd ATF JV Business Insurance Trust,Central,,,,kim@jvbusiness.net.au,0
1474,403,Kim Ramsay,Kim,Ramsay,D R Loades Enterprises Pty Ltd,Northern,262214,,(07) 5538 7655,kimramsay@iaa.net.au,0
1475,440,Kiri Canavan,Kiri,Canavan,Insurance Mentor Pty Ltd,Northern,1250065,,(07) 3157 1300,kcanavan@iaa.net.au,0
1476,600,Kirsten Thomas,Kirsten,Thomas,Westside Insurance Specialists Pty Ltd ATF Westside Unit Trust,Southern,,0402 204 764,,kirsten.thomas@westis.com.au,0
1477,363,Kristen Oliver,Kristen,Oliver,James Wilson Insurance Solutions Pty Ltd atf The James Wilson Family Trust,Southern,1255997,,(03) 5264 7769,koliver@iaa.net.au,0
1478,271,Kristina Maricic,Kristina,Maricic,AISTC Pty Ltd ATF AI Unit Trust,Central,,,(02) 6131 9700,kristina@allinsure.com.au,0
1479,265,Kristy Martin,Kristy,Martin,Insurance Advisernet Merimbula Pty Ltd,Central,291298,0414 706 582,(02) 6495 2965,kmartin@iaa.net.au,0
1480,521,Krystle Subotic,Krystle,Subotic,Stella Monteleone Pty Ltd atf Star Insurance Services Trust,,,0422071433,,krystles@acorninsurance.com.au,0
1481,431,Kurt Hadley,Kurt,Hadley,Able Insurance Pty Ltd,Northern,,,02 9964 7346,khadley@iaa.net.au,0
1482,452,Kyle Vince,Kyle,Vince,Vince Insurance Professionals Pty Ltd,Northern,258086,0457 846 234,(07) 3202 2800,kvince@iaa.net.au,0
1483,202,Kylie Davis,Kylie,Davis,Pacific Insurance Solutions Pty Ltd,Northern,262138,,(02) 6659 9777,kdavis@iaa.net.au,0
1484,455,Kylie Greenham,Kylie,Greenham,Noah Insurance Pty Ltd,Northern,368311,0490 052 407,(07) 3807 4100,kylieg@iaa.net.au,0
1485,999,Kylie Vickerman,Kylie,Vickerman,Insurance Advisernet Australia (Head Office),Southern,405937,,07 5563 5035,kvickerman@iaa.net.au,0
1486,813,Lachlan MacKinnon,Lachlan,MacKinnon,Macksure Pty Ltd,Central,1249884,0417 358 658,,lmackinnon@mackinsure.com.au,0
1487,262,Lachlan Rainey,Lachlan,Rainey,JV Business Insurance Pty Ltd ATF JV Business Insurance Trust,Central,,,(02) 6288 4410,lachlan@jvbusiness.net.au,0
1488,431,Lara Emanuelli,Lara,Emanuelli,H2 Integro Pty Ltd,Northern,1265660,0438 159 731,(07) 5507 7780,lemanuelli@iaa.net.au,0
1489,271,Lara Morgan,Lara,Morgan,AISTC Pty Ltd ATF AI Unit Trust,Central,1248239,0430 305 273,02 6131 9700,lara@allinsure.com.au,0
1490,807,Lauren Coombs,Lauren,Coombs,Roclor Pty Ltd,Central,1248214,0400 706 504,(02) 6583 4864,lcoombs@iaa.net.au,0
1491,460,Lauren Foster,Lauren,Foster,Insurance Business Solutions Pty Ltd,Northern,,,(07) 3255 9986,lauren@abfs.net.au,0
1492,444,Lauren Paterson,Lauren,Paterson,Business Insurance Group Pty Ltd,Northern,1278279,0431 449 626,(07) 3380 7900,lauren.paterson@biggroup.com.au,0
1493,440,Lauren Patten,Lauren,Patten,Insurance Mentor Pty Ltd,Northern,1238910,,(07) 3157 1300,lpatten@iaa.net.au,0
1494,603,Lay Suan Naomi Teh,Lay Suan Naomi,Teh,Bresland Insurance Group Pty Ltd,Southern,,0401310718,,naomi@bresland.com.au,0
1495,440,Lea Mayhew,Lea,Mayhew,Insurance Mentor Pty Ltd,Northern,1280690,,,lmayhew@iaa.net.au,0
1496,202,Leanda Maguire,Leanda,Maguire,Pacific Insurance Solutions Pty Ltd,Northern,,,(02) 6659 9777,lmaguire@iaa.net.au,0
1497,713,Lee McLair,Lee,McLair,James & McLair Insurance Solutions Pty Ltd,Central,1244251,0423 008 386,(02) 9007 7750,lee.mclair@jminsurance.com.au,0
1498,807,Lee Sedgwick,Lee,Sedgwick,Roclor Pty Ltd,Central,424891,0428 654 552,(02) 6583 4864,lsedgwick@iaa.net.au,0
1499,342,Leigh Moulden,Leigh,Moulden,Doreen Insurance Solutions Pty Ltd ATF LW Moulden Family Trust,Southern,341144,,0401 418 342,lmoulden@iaa.net.au,0
1500,706,Leonardo Candia,Leonardo,Candia,Palat Insure Pty Ltd,Central,,,0439 830 552,lcandia@iaa.net.au,0
1501,202,Les Oxford,Les,Oxford,Pacific Insurance Solutions Pty Ltd,Northern,262207,0419 655 750,(02) 6659 9777,loxford@iaa.net.au,0
1502,701,Lesa Ratcliffe,Lesa,Ratcliffe,DLR Insurance Solutions Pty Ltd ATF Ratcliffe Family Trust,Southern,,,(03) 6267 1101,lratcliffe@iaa.net.au,0
1503,298,Lesley Connolly,Lesley,Connolly,Irecon Insurance Services Pty Ltd,Central,300468,0405 684 083,(02) 4655 4311,lconnolly@irecon.com.au,0
1504,237,Lexi Coan,Lexi,Coan,BurMac Financial Services Pty Ltd,Central,1278455,0476 806 237,(02) 6884 5240,lexi@burmac.com.au,0
1505,335,Linda Kerr,Linda,Kerr,Heathdale Insurance Services Pty Ltd,Southern,,,(03) 8794 1700,lkerr@iaa.net.au,0
1506,835,Linda Pham,Linda,Pham,Ventures Insurance Advisors Pty Ltd,Central,,0405 439 546,,lindap@venturesinsurance.com.au,0
1507,999,Lindy Layland,Lindy,Layland,Insurance Advisernet Australia (Head Office),Central,,0403 236 688,(02) 9954 1311,lindy.layland@iaa.net.au,0
1508,411,Lisa Carter,Lisa,Carter,Clear Insurance Pty Ltd,Northern,388083,0405 219 861,(07) 3174 5013,lisa.carter@clearinsurance.com.au,0
1509,242,Lisa Henry,Lisa,Henry,CeeJaze Management & Consulting Pty Ltd ATF Ceejaze Family Trust,Central,293277,0402 230 925,(02) 9457 0057,lhenry@iaa.net.au,0
1510,603,Lisa Izydorski,Lisa,Izydorski,Bresland Insurance Group Pty Ltd,Southern,395795,0437 007 517,08 6253 6253,lisa@bresland.com.au,0
1511,806,Lisa Murphy,Lisa,Murphy,ERCJ Investments Pty Ltd,Northern,1261241,,(08) 8948 1222,lmurphy@iaa.net.au,0
1512,444,Lisa Struck,Lisa,Struck,Business Insurance Group Pty Ltd,Northern,234987,,(07) 3865 2600,lisa.struck@biggroup.com.au,0
1513,298,Loretta Casey,Loretta,Casey,Irecon Insurance Services Pty Ltd,Central,1239170,,(02) 4655 4311,LCasey@irecon.com.au,0
1514,600,Louise Zabori,Louise,Zabori,Westside Insurance Specialists Pty Ltd ATF Westside Unit Trust,Southern,1248410,0401 586 334,08 9419 7686,louise.zabori@westis.com.au,0
1515,413,Louissa Jesson,Louissa,Jesson,Lantern Insurance Advisers Pty Ltd,Northern,1253177,0490 677 934,,ljesson@iaa.net.au,0
1516,444,Lovely Rose Capangpangan,Lovely Rose ,Capangpangan,Business Insurance Group Pty Ltd,Northern,1280764,0402667378,,rose.capangpangan@biggroup.com.au,0
1517,999,Luis Pedras,Luis,Pedras,Insurance Advisernet Australia (Head Office),Northern,,,(07) 5563 5023,luis.pedras@iaa.net.au,0
1518,435,Luke Anderson,Luke,Anderson,IA Assurance Pty Ltd,Northern,434731,0411 953 102,(07) 3123 6919,luke@aboutrisk.com.au,0
1519,369,Luke Gonzalez,Luke,Gonzalez,Pace Insurance Pty Ltd,Southern,1009199,,(03) 8615 0600,lukeg@pacegroup.com.au,0
1520,762,Lynette McDonald,Lynette,McDonald,Complete Risk Solutions Pty Ltd ATF J & N Thornton Family Trust,Central,,,(02) 6551 8712,lmcdonald@iaa.net.au,0
1521,999,Lynsey McDonald,Lynsey,McDonald,Insurance Advisernet Australia (Head Office),Central,,0438 805 702,02 9964 7378,lynsey.mcdonald@iaa.net.au,0
1522,808,Malcolm Foung,Malcolm,Foung,Talos Insurance and Risk Solutions Pty Ltd,Central,1006811,0413 503 878,(02) 8999 8044,malcolm.foung@talosinsurance.com.au,0
1523,209,Mandie Tyler,Mandie,Tyler,Tyler Insurance Pty Limited,Central,1237451,0409 844 365,(02) 9879 3777,mtyler@iaa.net.au,0
1524,703,Mandy King,Mandy,King,Fortress Risk Pty Ltd ATF The Fortress Trust,Southern,411127,,(03) 6267 1102,mandy.king@fortressrisk.com.au,0
1525,370,Mandy McGann,Mandy,McGann,Woodridge Insurance Services Pty Ltd,Southern,328734,0484 013 019,,mandy@woodridgeinsurance.com.au,0
1526,438,Marc Anderson,Marc,Anderson,Anderson Financial Services Pty Ltd ATF Anderson Property Trading Trust,Northern,342303,0439 263 112,(07) 3106 0707  ,manderson@iaa.net.au,0
1527,299,Marc Ridlen,Marc,Ridlen,Ridlen Enterprises Pty Ltd,Central,305355,0421 855 525,,mridlen@iaa.net.au,0
1528,825,Marcus Carr,Marcus,Carr,Bay Insurance Solutions Pty Ltd,Central,405126,0455 118 496,(02) 9954 1311,mcarr@iaa.net.au,0
1529,412,Marcus Hamill,Marcus,Hamill,Elements Insurance Pty Ltd,Northern,1250559,0439 720 226,,mhamill@iaa.net.au,0
1530,806,Margarita Tomazos,Margarita,Tomazos,ERCJ Investments Pty Ltd,Northern,1275132,0467 383 729,(08) 8948 1222,rtomazos@iaa.net.au,0
1531,953,Maria Venn,Maria,Venn,Harvard Financial Services Australia Pty Ltd ATF the HFSA Trust,Southern,339845,,(08) 7070 1689,mvenn@iaa.net.au,0
1532,268,Maricor Martinez,Maricor,Martinez,Optimum Insurance Services Pty Ltd,Central,,+639196555029,,maricor.martinez@optimuminsurance.com.au,0
1533,437,Mark Hart,Mark,Hart,Hart Insurance Services Pty Ltd ATF Hart Family Trust,Northern,302436,0400 195 427,(07) 5630 3708,mhart@iaa.net.au,0
1534,479,Mark Lee,Mark,Lee,Sonic Insurance Pty Ltd,Northern,1280420,0428 233 032,07 5563 5033,mlee@iaa.net.au,0
1535,371,Mark O'Sullivan,Mark,O'Sullivan,Sound Insurance Services Pty Ltd ATF Sound Insurance Unit Trust,Southern,297746,0431 483 973,,mark@soundinsurance.com.au,0
1536,834,Mark Williams,Mark,Williams,Acacia Insurance & Risk Services Pty Ltd,Central,,0411 759 551,0411 759 551,markw@acaciainsurance.com.au,0
1537,203,Marley Huxley,Marley,Huxley,Graeme E Huxley Pty Ltd,Northern,,0412843189,,mhuxley@iaa.net.au,0
1538,460,Marni Dittman,Marni,Dittman,Insurance Business Solutions Pty Ltd,Northern,262140,0487 422 449,(07) 3255 9986,marnid@iaa.net.au,0
1539,834,Martin van Rhoon,Martin,van Rhoon,Acacia Insurance & Risk Services Pty Ltd,Central,1262068,0414 290 446,,martin@acaciainsurance.com.au,0
1540,369,Mathew Morton,Mathew,Morton,Pace Insurance Pty Ltd,Southern,300794,0490 078 457,,mathewm@pacegroup.com.au,0
1541,369,Mathew Scudds,Mathew,Scudds,Pace Insurance Pty Ltd,Southern,431179,0429 128 022,(03) 8615 0612,mathews@pacegroup.com.au,0
1542,717,Mathew White,Mathew,White,White Corporate Consulting Pty Limited,Central,1243231,0477 183 270,0477 183 270,mwhite@iaa.net.au,0
1543,202,Matt Maguire,Matt,Maguire,Pacific Insurance Solutions Pty Ltd,Northern,262186,0409 517 588,(02) 6659 9777,mmaguire@iaa.net.au,0
1544,423,Matthea Uhlig,Matthea,Uhlig,DBA Insurance & Risk Management Services Pty Ltd,Northern,453765,,	 1300 474 010,muhlig@iaa.net.au,0
1545,462,Matthew Calder,Matthew,Calder,Calder Insurance Advisers Pty Ltd ATF M & N Calder Family Trust,Northern,443957,0415 744 113,,mcalder@iaa.net.au,0
1546,422,Matthew Swayn,Matthew,Swayn,KSLR Pty Ltd ATF SI Unit Trust Trading as Stonehouse Insurance Services,Northern,419556,0477 601 607,07 5688 0973,mswayn@iaa.net.au,0
1547,502,Matthew Thomson,Matthew,Thomson,Astute Insurance Services Pty Ltd,Southern,1267994,0481 249 264,,mthomson@iaa.net.au,0
1548,367,Maxy Fisher,Maxy,Fisher,Association Insurance (Aust) Pty Ltd,Southern,,0428 221 619,,mfisher@iaa.net.au,0
1549,720,Megan Brophy,Megan,Brophy,Ford & Associates Pty Ltd,Central,1279913,(02) 6288 3683,(02) 6288 3683,mbrophy@iaa.net.au,0
1550,801,Melinda Zeimer,Melinda,Zeimer,BCRM Pty Ltd T/as Insurance Risk Solutions,Northern,1237572,0481 183 564,(08) 8944 6100,mzeimer@iaa.net.au,0
1551,519,Meredith Rogers,Meredith,Rogers,Bfrank Insure Pty Ltd ATF Bfrank Insure Trust,Southern,1261987,0427 508 630,,mrogers@iaa.net.au,0
1552,600,Michael Davis,Michael,Davis,Westside Insurance Specialists Pty Ltd ATF Westside Unit Trust,Southern,427491,0403 962 982,(08) 9419 7686,michael.davis@westis.com.au,0
1553,999,Michael Maksoud,Michael,Maksoud,Insurance Advisernet Australia (Head Office),Central,432202,0466 169 928,02 9964 7316,mmaksoud@iaa.net.au,0
1554,442,Michael McLean,Michael,McLean,D & D Insurance Services Pty Ltd ATF Wormald Family Trust,Northern,421967,0430 422 117,(07) 5580 4899,mmclean@iaa.net.au,0
1555,440,Michael Patullo,Michael,Patullo,Insurance Mentor Pty Ltd,Northern,316808,,07 3157 1300,mpatullo@iaa.net.au,0
1556,999,Michael Pollard,Michael,Pollard,Insurance Advisernet Australia (Head Office),Northern,,,(07) 5563 5015,mpollard@iaa.net.au,0
1557,732,Michael Steep,Michael,Steep,Risk Advisory Australia Pty Ltd,Central,287776,0412 211 472,1300 559 973,msteep@iaa.net.au,0
1558,455,Miguel Rodriguez,Miguel,Rodriguez,Noah Insurance Pty Ltd,Northern,386855,0414 836 280,(07) 3807 4100,mrodriguez@iaa.net.au,0
1559,210,Mike Aurisch,Mike,Aurisch,Oxygen Insurance Services Australia Pty Ltd,Central,403930,0439 562 009,,maurisch@iaa.net.au,0
1560,369,Milton Gonzalez,Milton,Gonzalez,Pace Insurance Pty Ltd,Southern,338432,0414 387 991,(03) 8615 0608,miltong@pacegroup.com.au,0
1561,371,Minnie Mahajan,Minnie,Mahajan,Sound Insurance Services Pty Ltd ATF Sound Insurance Unit Trust,Southern,429172,,(03) 9823 3703,minnie@soundinsurance.com.au,0
1562,828,Mirna Jarjees,Mirna,Jarjees,LA Insurance Pty Ltd,Central,1257997,(02) 9133 9900,(02) 9133 9900,mirna@lagi.com.au,0
1563,837,Mitch Van Reyk,Mitch,Van Reyk,Vantage Insurance Solutions Pty Ltd,Central,1262789,0484 266 475,,mvanreyk@iaa.net.au,0
1564,400,Morgan Appleby,Morgan,Appleby,Alleviate Risk Pty Ltd,Northern,280982,0403 820 030,(07) 3154 2860,morgan.appleby@alleviate.insure,0
1565,444,Morgan Jones,Morgan,Jones,Business Insurance Group Pty Ltd,Northern,404647,0407 138 147,(07) 3380 7900,morgan.jones@biggroup.com.au,0
1566,371,Morris Alessi,Morris,Alessi,Sound Insurance Services Pty Ltd ATF Sound Insurance Unit Trust,Southern,410002,0417 035 036,(03) 9823 3701,morris@soundinsurance.com.au,0
1567,237,Nadia Kitcher,Nadia,Kitcher,BurMac Financial Services Pty Ltd,Central,398307,,(02) 6884 5240,nadia@burmac.com.au,0
1568,521,Nadia Wessling,Nadia,Wessling,Stella Monteleone Pty Ltd atf Star Insurance Services Trust,Southern,,,(08) 8490 6938,nadiaw@acorninsurance.com.au,0
1569,435,Naomi Maltman,Naomi,Maltman,IA Assurance Pty Ltd,Northern,469392,,(07) 3123 6919,nmaltman@iaa.net.au,0
1570,999,Nasreen Hakim,Nasreen,Hakim,Insurance Advisernet Australia (Head Office),Central,,,(02) 9964 7371,nasreen.hakim@iaa.net.au,0
1571,502,Natalie Phillipou,Natalie,Phillipou,Astute Insurance Services Pty Ltd,Southern,1262833,,(08) 8410 2990,nphillipou@iaa.net.au,0
1572,762,Natalie Roese,Natalie,Roese,Complete Risk Solutions Pty Ltd ATF J & N Thornton Family Trust,Central,1265690,0416 248 064,(02) 6551 8712,nroese@iaa.net.au,0
1573,371,Natasha Perduv,Natasha,Perduv,Sound Insurance Services Pty Ltd ATF Sound Insurance Unit Trust,Southern,,,0431 483 973,natasha@soundinsurance.com.au,0
1574,237,Nathan Henwood,Nathan ,Henwood,BurMac Financial Services Pty Ltd,Central,,0421 225 865,(02) 6884 5240,nathan@burmac.com.au,0
1575,999,Nathan Richards,Nathan,Richards,Insurance Advisernet Australia (Head Office),Central,,,(02) 9954 1311,nathan.richards@iaa.net.au,0
1576,377,Nathan Tremayne,Nathan,Tremayne,NJT Insurance Services Pty Ltd as Trustee for the Tremayne Family Trust,Southern,1274099,0434 703 004,0434 703 004,ntremayne@iaa.net.au,0
1577,298,Neil Bovington,Neil,Bovington,Irecon Insurance Services Pty Ltd,Central,436456,0434 049 570,(02) 4647 0177,nbovington@iaa.net.au,0
1578,209,Neil Tyler,Neil,Tyler,Tyler Insurance Pty Limited,Central,354864,0438 228 008,(02) 9879 3777,ntyler@iaa.net.au,0
1579,369,Nicholas Danson,Nicholas,Danson,Pace Insurance Pty Ltd,Southern,1261450,0432 906 438,(03) 8615 0600,nicholasd@pacegroup.com.au,0
1580,218,Nicola McBeth,Nicola,McBeth,Nima Risk Services Pty Ltd,Central,405127,0417 018 222,(02) 9964 7353,ncarr@iaa.net.au,0
1581,609,Nicola Schuman,Nicola,Schuman,AGP Insurance Services Pty Ltd,Southern,1282519,08 9331 6040,,nschuman@iaa.net.au,0
1582,274,Nicole Curkoski,Nicole,Curkoski,Coastal Insurance Services Pty Ltd,Central,262134,0488 944 438,(02) 4294 4438,ncurkoski@iaa.net.au,0
1583,466,Nicole Fletcher,Nicole,Fletcher,Apex Insurance Pty Ltd,Northern,,0449 162 607,,nfletcher@iaa.net.au,0
1584,452,Nicole Hartfiel,Nicole,Hartfiel,Vince Insurance Professionals Pty Ltd,Northern,1256377,0407 574 280,(07) 3202 2800,nhartfiel@iaa.net.au,0
1585,502,Nicole Lornie,Nicole,Lornie,Astute Insurance Services Pty Ltd,Southern,414141,0481 212 624,(08) 8410 2990,nlornie@iaa.net.au,0
1586,371,Nicole Morgan,Nicole,Morgan,Sound Insurance Services Pty Ltd ATF Sound Insurance Unit Trust,,,0413635601,,nicole@soundinsurance.com.au,0
1587,826,Nicole Simoes,Nicole,Simoes,Confio Insurance Services Pty Ltd,Central,,0435 918 772,(02) 8607 1237,nicoles@confioinsurance.com,0
1588,762,Nicole Thornton,Nicole,Thornton,Complete Risk Solutions Pty Ltd ATF J & N Thornton Family Trust,Central,440603,0418 616 581,(02) 6551 8712,nthornton@iaa.net.au,0
1589,265,Nicole Whitby,Nicole,Whitby,Insurance Advisernet Merimbula Pty Ltd,Central,1277375,0432 630 021,(02) 6495 2965,nwhitby@iaa.net.au,0
1590,421,Nigel Curtis,Nigel,Curtis,About Risk Pty Ltd ATF Curtis Family Trust,Northern,323731,0438 160 871,(07) 4124 4900,nigel@aboutrisk.com.au,0
1591,999,Nikki McCleary,Nikki,McCleary,Insurance Advisernet Australia (Head Office),Southern,322238,,(03) 8080 5643,nmccleary@iaa.net.au,0
1592,237,Norman Wirth,Norman,Wirth,BurMac Financial Services Pty Ltd,Central,410981,0409 849 800,(02) 6884 5240,norm@burmac.com.au,0
1593,213,Paige Kakahi,Paige,Kakahi,I Marine & General Insurance Services Pty Ltd,Central,,0426885424,,paigek@iaa.net.au,0
1594,200,Pamela Walker,Pamela,Walker,Everest Risk Group Pty Limited,Central,,,(02) 8880 0650,pwalker@everestrg.com.au,0
1595,258,Patrica Tino,Patrica,Tino,R & C Ping Pty Ltd,Central,315615,0420 988 302,(02) 9211 1718,ptino@iaa.net.au,0
1596,304,Patricia Price,Patricia,Price,Commercial Risk Solutions Pty Ltd,Southern,386351,0487 000 541,(03) 5623 3750,tprice@iaa.net.au,0
1597,502,Patrick O'Connor,Patrick ,O'Connor,Astute Insurance Services Pty Ltd,Southern,1253443,,(08) 8410 2990,poconnor@iaa.net.au,0
1598,606,Paul Lindner,Paul,Lindner,Gibbscorp Pty Ltd,Southern,1281945,411010589,,plindner@iaa.net.au,0
1599,209,Paul Macdonald,Paul,Macdonald,Tyler Insurance Pty Limited,Central,1281010,0423 770 518,,pmacdonald@iaa.net.au,0
1600,999,Paul Miall,Paul,Miall,Insurance Advisernet Australia (Head Office),Central,1252506,0413 336 035,02 9964 7315,pmiall@iaa.net.au,0
1601,828,Paul Munt,Paul,Munt,LA Insurance Pty Ltd,Central,,,02 9133 9900,paul@laemail.com.au,0
1602,706,Paula Henderson,Paula,Henderson,Palat Insure Pty Ltd,Central,466084,0448 444 066,,phenderson@iaa.net.au,0
1603,446,Penny Moore,Penny,Moore,CoverMax Insurance Pty Ltd,Northern,235308,,(07) 5510 4600,pmoore@iaa.net.au,0
1604,473,Peter Bloomfield,Peter,Bloomfield,Integro Australia Pty Ltd,Northern,1274523,0418 388 386,,pbloomfield@iaa.net.au,0
1605,271,Peter Chamberlain,Peter,Chamberlain,AISTC Pty Ltd ATF AI Unit Trust,Central,282115,0417 991 100,(02) 6131 9700,peter@allinsure.com.au,0
1606,603,Peter Fallesen,Peter,Fallesen,Bresland Insurance Group Pty Ltd,Southern,1263493,0499 488 034,(08) 6253 6210,peter@bresland.com.au,0
1607,360,Peter Farrant,Peter,Farrant,Indemnity Solutions Pty Ltd,Southern,408714,0418 326 342,,peterf@indemnitysols.com.au,0
1608,408,Peter Forno,Peter,Forno,Petro Consulting Services Pty Ltd,Northern,1245923,0418 729 529,,pforno@iaa.net.au,0
1609,606,Peter Gibbs,Peter,Gibbs,Gibbscorp Pty Ltd,Southern,308041,0418 940 691,(08) 9254 0350,peter@gibbscorp.com.au,0
1610,299,Peter Hankinson,Peter,Hankinson,Ridlen Enterprises Pty Ltd,Central,468562,,0421 073 073,phankinson@iaa.net.au,0
1611,237,Peter Hickman,Peter,Hickman,BurMac Financial Services Pty Ltd,Central,,,(02) 6884 5240,peter@burmac.com.au,0
1612,480,Peter Smith,Peter,Smith,Firstpoint 16 Pty Ltd ATF Peter & Catherine Smith Family Trust,Northern,1281397,0400 486407,,psmith@iaa.net.au,0
1613,426,Peter Thompson,Peter,Thompson,Thompson Insurance Pty Ltd,Northern,284387,0409 269 127,(07) 5444 1866,pthompson@iaa.net.au,0
1614,441,Phil Siganto,Phil,Siganto,Sajmo Pty Ltd,Northern,267586,0417 648 007,(07) 4721 0762,phils@iaa.net.au,0
1615,446,Philip Young,Philip,Young,CoverMax Insurance Pty Ltd,Northern,,,(07) 3847 2992,pyoung@iaa.net.au,0
1616,238,Phillipa Ellis,Phillipa,Ellis,ACE Insurance Advisers Pty Ltd,Northern,1276013,,1300 886 842,pellis@iaa.net.au,0
1617,999,Priscilla Feehelly,Priscilla,Feehelly,Insurance Advisernet Australia (Head Office),Central,,,(02) 9964 7313,priscilla.feehelly@iaa.net.au,0
1618,258,Qingya Kong,Qingya,Kong,R & C Ping Pty Ltd,Central,TBA,0455755536,,qkong@iaa.net.au,0
1619,449,Rachael Clay,Rachael,Clay,R&R Insurance Advisers Pty Ltd,Northern,434478,,(07) 3881 1921,rclay@iaa.net.au,0
1620,405,Rachael Willett,Rachael,Willett,Lewis Insurance Services Pty Ltd,Northern,1280723,0402 241 525,,rwillett@iaa.net.au,0
1621,449,Ralph Watson,Ralph,Watson,R&R Insurance Advisers Pty Ltd,Northern,362782,0447 795 832,07 3881 1921,rwatson@iaa.net.au,0
1622,826,Rashi Behani,Rashi,Behani,Confio Insurance Services Pty Ltd,Central,,+61415382891,,rashib@confioinsurance.com,0
1623,477,Ray Windsor,Ray,Windsor,Windsor Consulting Services Pty Ltd ATF The Ray Windsor Family Trust,Northern,267851,0418 153 521,,rwindsor@iaa.net.au,0
1624,999,Rebecca Hammond,Rebecca,Hammond,Insurance Advisernet Australia (Head Office),Northern,,,07 5563 5004,rhammond@iaa.net.au,0
1625,358,Rebecca Reynolds,Rebecca,Reynolds,DKS Consulting Aust Pty Ltd,Southern,318643,0408 893 166,,rreynolds@iaa.net.au,0
1626,237,Renae Henwood,Renae,Henwood,BurMac Financial Services Pty Ltd,Central,,0409 300 376,(02) 6884 5240,renae@burmac.com.au,0
1627,237,Renee Dempsey,Renee ,Dempsey,BurMac Financial Services Pty Ltd,Central,,,(02) 6884 5240,renee@burmac.com.au,0
1628,720,Rhonda Turner,Rhonda,Turner,Ford & Associates Pty Ltd,Central,263462,,(02) 6288 3683,rhonda.turner@fordandford.com,0
1629,423,Rhys Davies,Rhys,Davies,DBA Insurance & Risk Management Services Pty Ltd,Northern,1261041,0447 400 448,1300 474 010,rdavies@iaa.net.au,0
1630,237,Rhys Osborne,Rhys,Osborne,BurMac Financial Services Pty Ltd,Central,438765,0401 439 921,(02) 6884 5240,rhys@burmac.com.au,0
1631,468,Richard Banks,Richard,Banks,Chevron Insurance Consultants Pty Ltd,Northern,1263993,0490 822 169,,richard@chevroninsurance.com.au,0
1632,713,Richard James,Richard   ,James,James & McLair Insurance Solutions Pty Ltd,Central,1244252,0425 450 005,(02) 9007 7750,richard.james@jminsurance.com.au,0
1633,369,Richard Moxham,Richard,Moxham,Pace Insurance Pty Ltd,Southern,1276761,0499 889 905,03 8615 0600,richardm@pacegroup.com.au,0
1634,276,Richard Welch,Richard,Welch,Force Insurance Services Pty Limited,Northern,262243,0412 276 225,(02) 6652 7212,rwelch@iaa.net.au,0
1635,601,Riechanne Dick,Riechanne,Dick,FordSure Pty Ltd,Southern,,0425 144 937,,channe.dick@iaa.net.au,0
1636,464,Rob Langan,Rob,Langan,Benny & Alex Pty Ltd T/as Bayinsure,Northern,1254402,0455 467 873,,rob@bayinsure.com.au,0
1637,226,Robert Bodnar,Robert,Bodnar,Antietam Financial Services Pty Limited,Central,441825,0417 260 862,(02) 9954 1311,rbodnar@iaa.net.au,0
1638,502,Robert Di Pasquale,Robert,Di Pasquale,Astute Insurance Services Pty Ltd,Southern,1250732,0414 242 883,(08) 8410 2990,rdipasquale@iaa.net.au,0
1639,408,Robert Forno,Robert,Forno,Petro Consulting Services Pty Ltd,Northern,1281252,0435860210,,rforno@iaa.net.au,0
1640,610,Robert Gibbs,Robert,Gibbs,Risk Guidance Pty Ltd,Southern,453827,0401506404,,robbie@rginsurance.com.au,0
1641,200,Robert Huntley,Robert,Huntley,Everest Risk Group Pty Limited,Central,335019,0417 546 052,(02) 8880 0652,rhuntley@everestrg.com.au,0
1642,361,Robert Mackechnie,Robert,Mackechnie,Maxx Cover Insurance Services Pty Ltd atf Mackechnie Family Trust,Southern,343022,0403 046 509,,rmackechnie@iaa.net.au,0
1643,298,Robyn Vardy,Robyn,Vardy,Irecon Insurance Services Pty Ltd,Central,1233987,,(02) 4655 4311,rvardy@irecon.com.au,0
1644,440,Rona Woodall,Rona,Woodall,Insurance Mentor Pty Ltd,Northern,1277820,,(07) 3157 1300,rwoodall@iaa.net.au,0
1645,807,Ronald Clarke,Ronald,Clarke,Roclor Pty Ltd,Central,254727,0428 654 552,(02) 6583 4864,rclarke@iaa.net.au,0
1646,846,Roopam Kapur,Roopam,Kapur,KVR Business Services Pty Ltd ATF KVR Services Trust,Central,,0438823345,,rkapur@iaa.net.au,0
1647,245,Rosemarie Robinson,Rosemarie,Robinson,Gerotola Pty Ltd,Northern,,,(02) 66241340,rrobinson@iaa.net.au,0
1648,953,Rosemary Goyak,Rosemary,Goyak,Harvard Financial Services Australia Pty Ltd ATF the HFSA Trust,Southern,1241582,0413 356 590,(08) 7070 1689,rgoyak@iaa.net.au,0
1649,831,Rosemary Madden,Rosemary ,Madden,Personalised Risk Solutions Pty Ltd ATF The Madden Family Trust,Central,1259142,0407 937 076,(02) 9316 9829,rmadden@iaa.net.au,0
1650,603,Russell Bresland,Russell,Bresland,Bresland Insurance Group Pty Ltd,Southern,354862,0420 302 034,(08) 6253 6253,russell@bresland.com.au,0
1651,461,Russell Coutts,Russell,Coutts,RDC Insurance Advisers Pty Ltd,Northern,434292,0432 761 581,,rcoutts@iaa.net.au,0
1652,708,Russell Farrington,Russell,Farrington,Collegial Insurance Services Pty Limited,Central,1239983,,0490 294 242,rfarrington@collegialins.com.au,0
1653,258,Sam Choi,Sam,Choi,R & C Ping Pty Ltd,Central,431851,,(02) 9211 1718,schoi@iaa.net.au,0
1654,338,Sam Licciardi,Sam,Licciardi,Sam Licciardi & Associates Pty Ltd,Southern,285854,0418 329 875,(03) 9499 4299,slicciardi@iaa.net.au,0
1655,428,Samantha Brownsdon,Samantha,Brownsdon,Allan Insurance Services Pty Ltd,Northern,1004435,,	 (07) 5538 7655,sbrownsdon@iaa.net.au,0
1656,600,Samantha Larkin,Samantha,Larkin,Westside Insurance Specialists Pty Ltd ATF Westside Unit Trust,Southern,464385,0403 962 982,(08) 9419 7686,sam@westis.com.au,0
1657,262,Samantha Rainey,Samantha,Rainey,JV Business Insurance Pty Ltd ATF JV Business Insurance Trust,Central,1252643,,(02) 6288 4410,sam@jvbusiness.net.au,0
1658,441,Samara Siganto,Samara ,Siganto,Sajmo Pty Ltd,Northern,NA,0419 152 959,(07) 4721 0762,samaras@iaa.net.au,0
1659,272,Sami Abraham,Sami,Abraham,Professional Risk Managers Pty Limited,Central,313336,0426 827 180,(02) 8079 6200,sabraham@prmanagers.com.au,0
1660,423,Sandra Alps,Sandra,Alps,DBA Insurance & Risk Management Services Pty Ltd,Northern,,,1300 474 010,salps@iaa.net.au,0
1661,444,Santiago Panadero,Santiago,Panadero,Business Insurance Group Pty Ltd,Northern,1282620,0401 148 614,,santi.panadero@biggroup.com.au,0
1662,468,Sara Eales,Sara,Eales,Chevron Insurance Consultants Pty Ltd,Northern,,0435 719 245,,sara@chevroninsurance.com.au,0
1663,831,Sara Zahorodny,Sara,Zahorodny,Personalised Risk Solutions Pty Ltd ATF The Madden Family Trust,Central,,0431377509,,szahorodny@iaa.net.au,0
1664,382,Sarah Bridgman,Sarah,Bridgman,Spectrum Risk Advisory Pty Ltd ATF Burnbridge Family Trust,Southern,1282064,0401 016 220,,sbridgman@iaa.net.au,0
1665,258,Sarah Choi,Sarah,Choi,R & C Ping Pty Ltd,Central,,,(02) 9211 1718,SarahC@rcping.ggn.com.au,0
1666,999,Sarah Farmborough,Sarah,Farmborough,Insurance Advisernet Australia (Head Office),Central,,0418 943 965,02 9964 7306,sarah.farmborough@iaa.net.au,0
1667,237,Sarah Giammarco,Sarah,Giammarco,BurMac Financial Services Pty Ltd,Central,445926,,(02) 6372 6651,sarah@burmac.com.au,0
1668,400,Sarah Hazzard,Sarah,Hazzard,Alleviate Risk Pty Ltd,Northern,1236076,,(07) 3154 2860,sarah.hazzard@alleviate.insure,0
1669,273,Sarah Leonard,Sarah,Leonard,Pender Insurance Holdings Pty Ltd ATF The JRP Family Trust,Central,1278698,0424 443 264,(02) 8203 4540,sleonard@iaa.net.au,0
1670,444,Sarah Norris,Sarah,Norris,Business Insurance Group Pty Ltd,Northern,N/A,0414860176,,sarah.norris@biggroup.com.au,0
1671,848,Sarah Skinner,Sarah,Skinner,SLS Insurance Solutions Pty Ltd,Central,1280492,0414 951 486,,sskinner@iaa.net.au,0
1672,438,Sara-Leigh Clark,Sara-Leigh,Clark,Anderson Financial Services Pty Ltd ATF Anderson Property Trading Trust,Northern,1245035,0478 717 919,(07) 3106 0707,sclark@iaa.net.au,0
1673,703,Scott Anthony,Scott,Anthony,Fortress Risk Pty Ltd ATF The Fortress Trust,Southern,405190,0418 130 656,(03) 6334 1111,santhony@iaa.net.au,0
1674,502,Scott Saunders,Scott,Saunders,Astute Insurance Services Pty Ltd,Southern,1243831,0400 600 398,(08) 8410 2990,ssaunders@iaa.net.au,0
1675,422,Scott Stewart,Scott,Stewart,KSLR Pty Ltd ATF SI Unit Trust Trading as Stonehouse Insurance Services,Northern,238659,0412 250 269,07 5688 0973,sstewart@iaa.net.au,0
1676,762,Sean Bryant,Sean,Bryant,Complete Risk Solutions Pty Ltd ATF J & N Thornton Family Trust,Central,1006629,,(02) 6551 8712,sbryant@iaa.net.au,0
1677,953,Sean Kiernan,Sean,Kiernan,Harvard Financial Services Australia Pty Ltd ATF the HFSA Trust,Southern,238616,0409 695 547,(08) 7070 1689,skiernan@iaa.net.au,0
1678,200,Sean McDermott,Sean,McDermott,Everest Risk Group Pty Limited,Central,447131,0449 855 896,(02) 8880 0653,smcdermott@everestrg.com.au,0
1679,237,Shannon Osborne,Shannon,Osborne,BurMac Financial Services Pty Ltd,Central,262206,0407 596 748,(02) 6884 5240,shannon@burmac.com.au,0
1680,999,Sharif Hansa,Sharif,Hansa,Insurance Advisernet Australia (Head Office),Central,,,+61 2 9964 7342,shansa@iaa.net.au,0
1681,369,Sharon Montalto,Sharon,Montalto,Pace Insurance Pty Ltd,Southern,,0407 302 539,,sharonm@pacegroup.com.au,0
1682,502,Shaun Milford,Shaun,Milford,Astute Insurance Services Pty Ltd,Southern,280760,0400 865 572,(08) 8410 2990,smilford@iaa.net.au,0
1683,999,Shaun Standfield,Shaun,Standfield,Insurance Advisernet Australia (Head Office),Central,n/a,0417 215 009,(02) 9964 7307,sstandfield@iaa.net.au,0
1684,262,Shelby Rainey,Shelby,Rainey,JV Business Insurance Pty Ltd ATF JV Business Insurance Trust,Central,313340,0414 389 009,(02) 6288 4410,Shelby@jvbusiness.net.au,0
1685,265,Shelley DaCosta,Shelley,DaCosta,Insurance Advisernet Merimbula Pty Ltd,Central,,0428598054,,sdacosta@iaa.net.au,0
1686,478,Shelley Traynor,Shelley,Traynor,Niplyn Pty Ltd,Northern,,0434 724478,,straynor@iaa.net.au,0
1687,237,Shelvin Narayan,Shelvin,Narayan,BurMac Financial Services Pty Ltd,Central,1262308,0408 598 864,(02) 6884 5240,shelvin@burmac.com.au,0
1688,272,Sherwin Lucas,Sherwin,Lucas,Professional Risk Managers Pty Limited,Central,455222,0402 488 778,(02) 8079 6206,slucas@prmanagers.com.au,0
1689,846,Shikha Behl,Shikha,Behl,KVR Business Services Pty Ltd ATF KVR Services Trust,Central,,0481304281,,shikha@absoluteins.com.au,0
1690,603,Shu Wen Yeo,Shu Wen,Yeo,Bresland Insurance Group Pty Ltd,Southern,460626,0499 300 977,08 6253 6212,shuwen@bresland.com.au,0
1691,338,Siela Giummarra,Siela,Giummarra,Sam Licciardi & Associates Pty Ltd,Southern,,,,sielag@iaa.net.au,0
1692,999,Simon Elliot,Simon,Elliot,Insurance Advisernet Australia (Head Office),Central,320023,0437 884 003,(02) 9964 7360,selliot@iaa.net.au,0
1693,371,Simon Feldman,Simon,Feldman,Sound Insurance Services Pty Ltd ATF Sound Insurance Unit Trust,Southern,410001,0408 550 019,(03) 9823 3702,simon@soundinsurance.com.au,0
1694,454,Simon Kendall,Simon,Kendall,Insurance Advice & Advocacy Stones Corner Pty Ltd ATF The IAASC Unit Trust.,Northern,280983,0408 770 867,(07) 3099 1980,simon@iaasc.com.au,0
1695,502,Simon Landrigan,Simon,Landrigan,Astute Insurance Services Pty Ltd,Southern,1276799,0413 492 136,,slandrigan@iaa.net.au,0
1696,208,Simon Littlemore,Simon,Littlemore,Guzzy Pty Limited,Central,371066,0433 003 057,(02) 8328 3961,slittlemore@iaa.net.au,0
1697,840,Simon Stewart,Simon,Stewart,Navis Vitae Pty Ltd,Central,1279281,0418 423 889,,simon@nauticalrisksolutions.com,0
1698,606,Simone Roney,Simone,Roney,Gibbscorp Pty Ltd,Southern,1281013,0417 928 118,(08) 9254 0350,sroney@iaa.net.au,0
1699,999,Skye Jones-Anderson,Skye,Jones-Anderson,Insurance Advisernet Australia (Head Office),Northern,,,0755635017,sjones-anderson@iaa.net.au,0
1700,603,Sok Wee Lim,Sok Wee,Lim,Bresland Insurance Group Pty Ltd,Southern,,0420 302 051,(08) 6253 6253,soklim@bresland.com.au,0
1701,999,Sophie Beer,Sophie,Beer,Insurance Advisernet Australia (Head Office),Central,1235733,0447 202 082,02 9964 7377,sbeer@iaa.net.au,0
1702,368,Stanley Walczak,Stanley,Walczak,Construction Risk Advisory Pty Ltd,Southern,1254271,0438 995 958,,swalczak@iaa.net.au,0
1703,603,Stella Lim,Stella,Lim,Bresland Insurance Group Pty Ltd,Southern,1249592,0477 012 722,(08) 6253 6253,stella@bresland.com.au,0
1704,521,Stella Monteleone,Stella,Monteleone,Stella Monteleone Pty Ltd atf Star Insurance Services Trust,Southern,1275370,0417 817 800,0417 817 800,stellam@acorninsurance.com.au,0
1705,473,Stella Tolios,Stella,Tolios,Integro Australia Pty Ltd,Northern,1262096,0417 544 786,03 70190461,stolios@iaa.net.au,0
1706,606,Stephen Brown,Stephen,Brown,Gibbscorp Pty Ltd,Southern,1278085,0417 945 983,,stephen@gibbscorp.com.au,0
1707,265,Stephen Crammond,Stephen,Crammond,Insurance Advisernet Merimbula Pty Ltd,Central,1235005,0408649913,(02) 6495 2965,scrammond@iaa.net.au,0
1708,421,Stephen Leary,Stephen,Leary,About Risk Hervey Bay,Northern,262177,0403 198 633,(07) 4124 4900,steve@aboutrisk.com.au,0
1709,369,Stephen Watson,Stephen,Watson,Pace Insurance Pty Ltd,Southern,1269231,0425 736 919,,stephenw@pacegroup.com.au,0
1710,840,Steve Connolly,Steve,Connolly,Navis Vitae Pty Ltd,Central,1275473,0499 900 687,,steve@nauticalrisksolutions.com,0
1711,999,Steve Dymond,Steve,Dymond,Insurance Advisernet Australia (Head Office),Northern,344170,0406 357 314,(02) 9954 1311,steve.dymond@iaa.net.au,0
1712,824,Steve Paton,Steve,Paton,Mountain Insurance Pty Ltd,Central,1253821,,0424 353 913,steve@mountaininsurance.com.au,0
1713,272,Steven O'Donnell,Steven,O'Donnell,Professional Risk Managers Pty Limited,Central,1276389,0421 889 119,(02) 8079 6200,sodonnell@iaa.net.au,0
1714,600,Steven Stanbrook,Steven,Stanbrook,Westside Insurance Specialists Pty Ltd ATF Westside Unit Trust,Southern,1278333,0417 097 642,,steven.stanbrook@westis.com.au,0
1715,600,Steven Thomas,Steven,Thomas,Westside Insurance Specialists Pty Ltd ATF Westside Unit Trust,Southern,1242256,0409 736 758,(08) 9467 7468,steve.thomas@westis.com.au,0
1716,405,Stuart Nissen,Stuart,Nissen,Lewis Insurance Services Pty Ltd,Northern,1241154,0423 911 776,(07) 3217 9015,snissen@lewisinsurance.com.au,0
1717,999,Sue Crawford,Sue,Crawford,Insurance Advisernet Australia (Head Office),Central,,+64 027 224 5900,+64 (09) 524 7600,scrawford@ianz.co.nz,0
1718,457,Sue Shandiman,Sue,Shandiman,Shandit Pty Ltd T/as Coverite Insurance & Strata Insurance Solutions,Northern,1255487,0401 974 131,(07) 3899 5129,sshandiman@iaa.net.au,0
1719,446,Suellen Greaves,Suellen,Greaves,CoverMax Insurance Pty Ltd,Northern,320249,0433 070 533,(07) 5510 4600,sgreaves@iaa.net.au,0
1720,444,Susan Paterson,Susan,Paterson,Business Insurance Group Pty Ltd,Northern,235139,0401 696 699,(07) 3380 7900,susan.paterson@biggroup.com.au,0
1721,455,Susanne Johnson,Susanne,Johnson,Noah Insurance Pty Ltd,Northern,,0421 289 987,(07) 3807 4100,sjohnson@iaa.net.au,0
1722,272,Sushil Sharma,Sushil,Sharma,Professional Risk Managers Pty Limited,Central,340644,0426 827 156,(02) 8079 6200,ssharma@prmanagers.com.au,0
1723,444,Tahnee Paterson,Tahnee,Paterson,Business Insurance Group Pty Ltd,Northern,,0423620670,,tahnee.paterson@biggroup.com.au,0
1724,513,Tanya Hughes,Tanya,Hughes,Tony Atkinson's Insurance Services Pty Ltd ATF Atkinson Family Trust,Southern,,0402 424 997,(08) 8260 2613,thughes@iaa.net.au,0
1725,262,Tarn Rainey,Tarn,Rainey,JV Business Insurance Pty Ltd ATF JV Business Insurance Trust,Central,431244,0424 273 387,(02) 6288 4410,tarn@jvbusiness.net.au,0
1726,271,Tate Harris,Tate,Harris,AISTC Pty Ltd ATF AI Unit Trust,Central,403945,0408 266 929,(02) 6131 9700,tate@allinsure.com.au,0
1727,853,Taylor Clinton King,Taylor Clinton,King,Agilis Insurance Consultants Pty Ltd,Central,1282902,0432 526 682,0432 526 682,taylor@agilisinsurance.com,0
1728,999,Theresa Holland,Theresa,Holland,Insurance Advisernet Australia (Head Office),Northern,460049,,0755635011,theresa.holland@iaa.net.au,0
1729,237,Thomas Browning,Thomas,Browning,BurMac Financial Services Pty Ltd,Central,,0428 818 291,02 6884 5240,tbrowning@iaa.net.au,0
1730,828,Thomas Pesce,Thomas,Pesce,LA Insurance Pty Ltd,Central,,0404 227 202,(02) 9133 9900,tpesce@iaa.net.au,0
1731,502,Tiaharn De Bruin,Tiaharn,De Bruin,Astute Insurance Services Pty Ltd,Southern,1255396,,(08) 8410 2990,tdebruin@iaa.net.au,0
1732,335,Tim Allan,Tim,Allan,Heathdale Insurance Services Pty Ltd,Southern,271312,0409 555 046,(03) 8794 1703,tallan@iaa.net.au,0
1733,824,Tim Eggins,Tim,Eggins,Mountain Insurance Pty Ltd,Central,1275551,0478 315 414,0478 315 414,tim@mountaininsurance.com.au,0
1734,349,Tim Ibraimi,Tim,Ibraimi,Professional Insurance Solutions Pty Ltd ATF Professional Insurance Solutions Family Trust,Southern,1237823,0403 334 291,(03) 8794 1760,tibraimi@iaa.net.au,0
1735,237,Timothy Groth,Timothy,Groth,BurMac Financial Services Pty Ltd,Central,1278747,0429 517 874,(02) 6884 5240,tgroth@iaa.net.au,0
1736,338,Tiziana Licciardi,Tiziana,Licciardi,Sam Licciardi & Associates Pty Ltd,Southern,,,(03) 9499 4299,tlicciardi@iaa.net.au,0
1737,271,Toni Morrison,Toni,Morrison,AISTC Pty Ltd ATF AI Unit Trust,Central,1264191,0407 991 100,(02) 6131 9700,toni@allinsure.com.au,0
1738,442,Toni-Maree McLean,Toni-Maree,McLean,D & D Insurance Services Pty Ltd ATF Wormald Family Trust,Northern,435131,,07 5510 4600,tonim@iaa.net.au,0
1739,513,Tony Atkinson,Tony,Atkinson,Tony Atkinson's Insurance Services Pty Ltd ATF Atkinson Family Trust,Southern,377443,0400 216 345,(08) 8260 2613,tatkinson@iaa.net.au,0
1740,298,Tracey Ferraro,Tracey,Ferraro,Irecon Insurance Services Pty Ltd,Central,,,(02) 4655 4311,tferraro@iaa.net.au,0
1741,265,Tracy Coleman,Tracy,Coleman,Insurance Advisernet Merimbula Pty Ltd,Central,297429,,(02) 6495 2965,tcoleman@iaa.net.au,0
1742,421,Tracy Geiger,Tracy,Geiger,About Risk Hervey Bay,Northern,262147,,(07) 4124 4900,tracy@aboutrisk.com.au,0
1743,473,Tracy Powell,Tracy,Powell,Integro Australia Pty Ltd,Northern,1280722,0428273447,,tpowell@iaa.net.au,0
1744,999,Travis Atkinson,Travis,Atkinson,Insurance Advisernet Australia (Head Office),Central,,+ 64 27 505 1912,+ 64 9 926 2066,tatkinson@ianz.co.nz,0
1745,368,Trevor Stinton,Trevor,Stinton,Construction Risk Advisory Pty Ltd,Southern,1255068,0407 327 676,,tstinton@iaa.net.au,0
1746,715,Trinh Ly,Trinh,Ly,LY Financial Solutions Pty Ltd,Central,1248471,,0411 090 620,tly@iaa.net.au,0
1747,441,Trinity Lee Ward,Trinity Lee,Ward,Sajmo Pty Ltd,Northern,1252424,0488 778 262,,trinityw@iaa.net.au,0
1748,226,Trish Goodwin,Trish,Goodwin,Antietam Financial Services Pty Limited,Central,263480,,(02) 9954 1311,tgoodwin@iaa.net.au,0
1749,369,Tristen Spragg,Tristen ,Spragg,Pace Insurance Pty Ltd,Southern,1261447,0417 153 920,03 8615 0654,tristens@pacegroup.com.au,0
1750,834,Tristen van Rhoon,Tristen,van Rhoon,Acacia Insurance & Risk Services Pty Ltd,Central,,0410433563,,tristen@acaciainsurance.com.au,0
1751,407,Troy Joubert,Troy,Joubert,Custom Insurance Solutions Pty Ltd,Northern,1239126,0414 627 327,,troyj@iaa.net.au,0
1752,449,Tuene Piggott,Tuene,Piggott,R&R Insurance Advisers Pty Ltd,Northern,,0438 778 464,(07) 3881 1921,tpiggott@iaa.net.au,0
1753,457,Tyrone Shandiman,Tyrone,Shandiman,Shandit Pty Ltd T/as Coverite Insurance & Strata Insurance Solutions,Northern,404247,0419 012 262,(07) 3899 5129,tshandiman@iaa.net.au,0
1754,200,Vanessa Anastasio,Vanessa,Anastasio,Everest Risk Group Pty Limited,Central,333987,,(02) 8880 0650,vanastasio@everestrg.com.au,0
1755,422,Veronica Capone,Veronica,Capone,KSLR Pty Ltd ATF SI Unit Trust Trading as Stonehouse Insurance Services,Northern,297206,,07 5688 0973,vcapone@iaa.net.au,0
1756,502,Veronique Parashos,Veronique,Parashos,Astute Insurance Services Pty Ltd,Southern,314771,,(08) 8410 2990,vparashos@iaa.net.au,0
1757,369,Vincent Pham,Vincent,Pham,Pace Insurance Pty Ltd,Southern,378695,0417 755 335,(03) 8615 0606,vincep@pacegroup.com.au,0
1758,846,Vipul Kapur,Vipul,Kapur,KVR Business Services Pty Ltd ATF KVR Services Trust,Central,1246312,0466 111 814,,vipul@absoluteins.com.au,0
1759,471,Wade Compton,Wade,Compton,Compton Insurance Pty Ltd,Northern,1261462,0421 540 740,0421 540 740,wadec@iaa.net.au,0
1760,435,Warren Holmes,Warren,Holmes,IA Assurance Pty Ltd,Northern,333328,0411 474 188,(07) 3123 6919,wholmes@iaa.net.au,0
1761,445,Warwick Pratt,Warwick,Pratt,Warwick Pratt Insurance Services Pty Ltd ATF The Pratt Family Trust,Northern,343777,0422 415 161,(07) 5443 1322,wpratt@iaa.net.au,0
1762,502,Wayne Trezona,Wayne,Trezona,Astute Insurance Services Pty Ltd,Southern,421318,0424 186 151,(08) 8410 2990,wtrezona@iaa.net.au,0
1763,342,Wendy Kelly,Wendy,Kelly,Doreen Insurance Solutions Pty Ltd ATF LW Moulden Family Trust,Southern,,0438 534 580,,wkelly@iaa.net.au,0
1764,826,William Freitas,William,Freitas,Confio Insurance Services Pty Ltd,Central,1253548,0432 583 830,(02) 8607 1237,williamf@confioinsurance.com,0
1765,426,William Thompson,William,Thompson,Thompson Insurance Pty Ltd,Northern,464851,,(07) 5443 1866,wthompson@iaa.net.au,0
1766,828,Yuetong Wang,Yuetong ,Wang,LA Insurance Pty Ltd,Central,,0426 532 789,,dwang@iaa.net.au,0
1767,272,Zeshan Mantara,Zeshan,Mantara,Professional Risk Managers Pty Limited,Central,325341,0411 879 600,(02) 8079 6200,zmantara@prmanagers.com.au,0
1768,298,Renee Dennis,Renee,Dennis,Irecon Insurance Services Pty Ltd,Central,1283254,0450 774 880,02 4655 4311,rdennis@irecon.com.au,0
1797,0,Kim Kilay,Kim,Kilay,,,,,,kim@jvbusiness.net.au,0
1798,0,Sam Rainee,Sam,Rainee,,,,,,sam@jvbusiness.net.au,0
1799,0,Jeffrey Pender,Jeffrey,Pender,,,,,,jpender@iaa.net.au,0
1800,0,Deanna Lee Hutchison,Deanna,Lee Hutchison,,,,,,deanna@bresland.com.au,0
1801,0,Chris Payne,Chris,Payne,,,,,,cpayne@iaa.net.au,0
1802,0,Bradley Stinton,Bradley,Stinton,,,,,,bstinton@iaa.net.au,0
1803,0,Rochelle Toubji,Rochelle,Toubji,,,,,,rochellet@confioinsurance.com,0
1804,0,Sarah Townsend,Sarah,Townsend,,,,,,sarah@allinsure.com.au,0
1805,0,Jasmine Briskey,Jasmine,Briskey,,,,,,jasmine@insuranceqld.com.au,0
1806,0,Kaylah Jullienne,Kaylah,Jullienne,,,,,,kaylah@allinsure.com.au,0
1807,0,Joey Bastic,Joey,Bastic,,,,,,jbastick@iaa.net.au,0
1808,0,Kim Kilay,Kim,Kilay,,,,,,kim@jvbusiness.net.au,0
1809,0,Sam Rainee,Sam,Rainee,,,,,,sam@jvbusiness.net.au,0
1810,0,Jeffrey Pender,Jeffrey,Pender,,,,,,jpender@iaa.net.au,0
1811,0,Deanna Lee Hutchison,Deanna,Lee Hutchison,,,,,,deanna@bresland.com.au,0
1812,0,Chris Payne,Chris,Payne,,,,,,cpayne@iaa.net.au,0
1813,0,Bradley Stinton,Bradley,Stinton,,,,,,bstinton@iaa.net.au,0
1814,0,Rochelle Toubji,Rochelle,Toubji,,,,,,rochellet@confioinsurance.com,0
1815,0,Sarah Townsend,Sarah,Townsend,,,,,,sarah@allinsure.com.au,0
1816,0,Jasmine Briskey,Jasmine,Briskey,,,,,,jasmine@insuranceqld.com.au,0
1817,0,Kaylah Jullienne,Kaylah,Jullienne,,,,,,kaylah@allinsure.com.au,0
1818,0,Joey Bastic,Joey,Bastic,,,,,,jbastick@iaa.net.au,0
1819,0,Peter Lane,Peter,Lane,,,,,,peter@smithandlane.com.au,0
1820,0,Sarah Gardiner Smith,Sarah,Sarah Gardiner-Smith,,,,,,sarah@smithandlane.com.au,0
1821,0,Jo Day,Jo,Day,,,286501,0448 962 015,(08) 8944 6100,jday@iaa.net.au,0
1823,0,Stephen Pearce,Stephen,Pearce,Blue Gum Insurance,,,,,stephen@blueguminsurance.com.au,0
1824,0,Blake Raymond,Blake,Raymond,Blue Gum Insurance,,,,,blake@blueguminsurance.com.au,0
1825,0,Paris Dzuheric,Paris,Dzuheric,HMD Insurance,,,,,paris.dzuheric@hmdi.com.au,0
1826,0,David McDonald,David,McDonald,HMD Insurance,,,,,david.mcdonald@hmdi.com.au,0
1830,0,Melissa Clarke,Melissa,Clarke,Ricketson Insurance,,,,,melissa@ricketsoninsurance.com.au,0
1831,0,Luke Ricketson,Luke,Ricketson,Ricketson Insurance,,,,,luke@ricketsoninsurance.com.au,0
1832,0,Kelly Lewis,Kelly,Lewis,Lewis Insurance Services,,,,,klewis@lewisinsurance.com.au,0
1833,0,Brianna Kent,Brianna,Kent,,,1294813,,(08) 9340 3421,brianna.kent@nexusadviser.net,0
1835,0,Daniel Curley,Daniel,Curley,,,1294751,+61 405 625 280,,dcurley@iaa.net.au,0
1836,0,Michelle Serksnys,Michelle,Serksnys,,,1295775,0421 787 081,(07) 2113 4798,mserksnys@iaa.net.au,0
1839,0,Larissa Centoducato,Larissa,Centoducato,Aussurity,,001287160,0497 226 121,0497 226 121,	lcentoducato@iaa.net.au,0
1840,0,Dave Turner,Dave,Turner,,,1282866,+61 407 330 045,(07) 4634 8883,dturner@iaa.net.au,0
1841,0,Mawi,,,,,,,,,0
2841,0,TEST AR ,Test,AR,0,,0000000,,,rdennis@irecon.com.au,0
2842,0,Magnanomous Jack,Magna,Jack,SOME PTY LTD,,123456,0421000000,,bla@bla.com.au,0

(627 rows affected)
